SEZ2011,COMUNE,gap_score,gruppo,centroid_lat,centroid_lon,poi_count_totale,poi_count_parking,poi_count_supermarket,poi_count_fuel,poi_count_office,poi_count_hospital,poi_count_food_drink,poi_count_fitness,poi_count_park,poi_count_mall,poi_count_cinema
151660000018,Paderno Dugnano,0.6431096630082509,critica,45.570577538574064,9.161191875003965,0,0,0,0,0,0,0,0,0,0,0
151660000118,Paderno Dugnano,0.5832176550545876,critica,45.562314767971806,9.160665151435532,3,1,0,0,0,0,2,0,0,0,0
151660000061,Paderno Dugnano,0.5449384860911901,critica,45.57558669337022,9.164831261955388,2,2,0,0,0,0,0,0,0,0,0
151660000290,Paderno Dugnano,0.48491083874207447,critica,45.56771208108437,9.186492886836483,2,1,0,0,0,0,0,0,1,0,0
151660000231,Paderno Dugnano,0.5255939995440208,critica,45.57124998893323,9.143583790770526,1,1,0,0,0,0,0,0,0,0,0
151660000086,Paderno Dugnano,0.5899072746005132,critica,45.56279171293804,9.162005754677766,0,0,0,0,0,0,0,0,0,0,0
151660000063,Paderno Dugnano,0.5168986485121513,critica,45.57663457926131,9.164204455952238,2,2,0,0,0,0,0,0,0,0,0
151660000076,Paderno Dugnano,0.48013748639998616,critica,45.57003230737643,9.157580647456276,1,1,0,0,0,0,0,0,0,0,0
151660000052,Paderno Dugnano,0.4955080272548606,critica,45.57322397658836,9.164644900472219,0,0,0,0,0,0,0,0,0,0,0
151460002751,Milano,0.5301523490145943,critica,45.43133117435023,9.221842902980471,0,0,0,0,0,0,0,0,0,0,0
151460003224,Milano,0.552707448911566,critica,45.42786389436357,9.151939470265482,0,0,0,0,0,0,0,0,0,0,0
151890000099,Rozzano,0.4823308042838962,critica,45.37775433905895,9.178521045552655,1,1,0,0,0,0,0,0,0,0,0
151950000109,San Giuliano Milanese,0.44503429945138195,critica,45.38827544898731,9.306915019178842,3,3,0,0,0,0,0,0,0,0,0
151460003245,Milano,0.44444412378393505,critica,45.43399814631944,9.144438841986549,0,0,0,0,0,0,0,0,0,0,0
151440000002,Mesero,0.43977610841916615,critica,45.50212921710061,8.849491546261778,1,1,0,0,0,0,0,0,0,0,0
150410000028,Busto Garolfo,0.5900948609984791,critica,45.542541582478265,8.883747835282845,1,1,0,0,0,0,0,0,0,0,0
150410000016,Busto Garolfo,0.6289858502137042,critica,45.553330503685984,8.891604168436277,3,2,1,0,0,0,0,0,0,0,0
150410000004,Busto Garolfo,0.6644714248197006,critica,45.54714830999843,8.886298149713236,4,1,0,0,1,0,2,0,0,0,0
151460002565,Milano,0.5387741084595694,critica,45.43328727667919,9.223953150905881,1,0,0,0,0,0,1,0,0,0,0
150700000004,Cernusco sul Naviglio,0.6318775666869645,critica,45.52628231323316,9.326004126754544,2,1,0,0,0,0,1,0,0,0,0
151460001262,Milano,0.5155335967238757,critica,45.514945692704124,9.25126029734272,0,0,0,0,0,0,0,0,0,0,0
151460001267,Milano,0.5014761606547631,critica,45.512373263145086,9.25221899272254,0,0,0,0,0,0,0,0,0,0,0
151890000097,Rozzano,0.5255535963198434,critica,45.37694793740102,9.177961325833785,0,0,0,0,0,0,0,0,0,0,0
151890000094,Rozzano,0.5075222145584359,critica,45.37952433795583,9.17726533453855,1,1,0,0,0,0,0,0,0,0,0
151890000031,Rozzano,0.4812875353167468,critica,45.387894708932095,9.157755765552187,0,0,0,0,0,0,0,0,0,0,0
151890000098,Rozzano,0.4398092967818832,critica,45.37694244361696,9.179894525830202,0,0,0,0,0,0,0,0,0,0,0
151920000052,San Donato Milanese,0.43575598761352585,critica,45.405717977491335,9.230256743828093,5,5,0,0,0,0,0,0,0,0,0
151920000051,San Donato Milanese,0.4409160565298825,critica,45.400539202838026,9.23083618339761,20,17,0,0,2,0,1,0,0,0,0
151460002750,Milano,0.5513366252341223,critica,45.43272016358191,9.219919061231513,5,5,0,0,0,0,0,0,0,0,0
151460002753,Milano,0.46632246967593727,critica,45.434149250944586,9.218393240440157,0,0,0,0,0,0,0,0,0,0,0
151590000013,Opera,0.7339534266263019,critica,45.39496462139278,9.213964479807213,1,1,0,0,0,0,0,0,0,0,0
151590000014,Opera,0.7350933747370183,critica,45.39636636405773,9.213581530093261,0,0,0,0,0,0,0,0,0,0,0
151590000022,Opera,0.730949158314262,critica,45.39533616049507,9.210673279771497,4,1,0,1,0,0,2,0,0,0,0
151950000009,San Giuliano Milanese,0.5833359787825354,critica,45.40173719373522,9.296587034417502,4,4,0,0,0,0,0,0,0,0,0
151950000071,San Giuliano Milanese,0.4430834009125356,critica,45.38887830971697,9.295213089664033,6,6,0,0,0,0,0,0,0,0,0
151460003225,Milano,0.568658064627843,critica,45.42687111938994,9.152975345861684,0,0,0,0,0,0,0,0,0,0,0
151460006067,Milano,0.4293924798056027,critica,45.518264345982324,9.24753375392037,1,0,0,0,0,0,1,0,0,0,0
151460001263,Milano,0.5671746891116197,critica,45.51830023895947,9.252831004502305,2,1,0,0,0,0,0,0,1,0,0
151840000030,Robecco sul Naviglio,0.5122234182859221,critica,45.44258337178078,8.864095926336969,4,2,0,0,0,0,1,0,1,0,0
151460002567,Milano,0.5404248687616702,critica,45.43334450483616,9.223029476631641,0,0,0,0,0,0,0,0,0,0,0
150700000009,Cernusco sul Naviglio,0.5797978107224385,critica,45.52260855009829,9.3330218033963,3,0,0,0,1,0,1,0,1,0,0
150260000008,Boffalora sopra Ticino,0.5197615055395706,critica,45.46121385902222,8.844137327018034,1,0,0,0,0,0,1,0,0,0,0
151460003209,Milano,0.46556923813948925,critica,45.42879242827644,9.150991508848815,1,1,0,0,0,0,0,0,0,0,0
150960000009,Cuggiono,0.47259651320175355,critica,45.506883432742285,8.807627085868907,1,1,0,0,0,0,0,0,0,0,0
151830000002,Robecchetto con Induno,0.5606409105732351,critica,45.5311143192756,8.771047836934155,4,1,0,1,0,0,1,1,0,0,0
150990000001,Dairago,0.7159220448648945,critica,45.56601307519309,8.861791533859012,11,7,0,0,0,0,1,2,1,0,0
150960000005,Cuggiono,0.4309278023243397,critica,45.5069296214015,8.821573814497343,0,0,0,0,0,0,0,0,0,0,0
150960000001,Cuggiono,0.42998987033450975,critica,45.50542551234711,8.813752075869976,7,6,0,0,0,0,1,0,0,0,0
150990000004,Dairago,0.7676872328697544,critica,45.56333458812661,8.862031007487952,2,2,0,0,0,0,0,0,0,0,0
150960000008,Cuggiono,0.528485716017281,critica,45.50325079633972,8.808383302214676,0,0,0,0,0,0,0,0,0,0,0
150960000007,Cuggiono,0.5448865390886763,critica,45.50081129347226,8.81225696454042,3,1,0,0,0,0,0,2,0,0,0
151950000106,San Giuliano Milanese,0.44124794015705304,critica,45.38535159885864,9.299792609532853,6,4,0,0,0,0,0,1,1,0,0
150990000006,Dairago,0.7709685518618672,critica,45.57246664813959,8.862938043999607,7,4,1,1,0,0,1,0,0,0,0
151830000003,Robecchetto con Induno,0.43126401486838656,critica,45.528923440343014,8.764541059398635,1,0,0,0,0,0,0,0,1,0,0
150990000005,Dairago,0.7542589327199739,critica,45.56650201822523,8.857487080723654,3,2,0,0,0,0,0,1,0,0,0
151830000005,Robecchetto con Induno,0.7359793597243346,critica,45.522146170381305,8.781806299686869,3,1,0,0,0,0,2,0,0,0,0
150960000006,Cuggiono,0.43384260635427274,critica,45.50318108376362,8.822318626518435,7,3,0,1,0,0,2,0,1,0,0
150380000015,Buscate,0.4831792719916192,critica,45.550669874719546,8.816426054748161,0,0,0,0,0,0,0,0,0,0,0
152430000088,Vittuone,0.5163705206532624,critica,45.48274888419135,8.953442433010624,2,1,0,0,0,0,0,0,1,0,0
152000000001,Santo Stefano Ticino,0.4303621571858577,critica,45.487492273201624,8.916089294083454,12,11,0,0,0,0,1,0,0,0,0
152430000042,Vittuone,0.46646388096055785,critica,45.48778857436612,8.952769124882156,1,0,0,0,0,0,1,0,0,0,0
152430000063,Vittuone,0.43012695270225426,critica,45.48431913780804,8.953965747103144,0,0,0,0,0,0,0,0,0,0,0
152000000003,Santo Stefano Ticino,0.5530249028158162,critica,45.48875596695106,8.92272642145677,4,3,0,0,0,0,0,1,0,0,0
152000000005,Santo Stefano Ticino,0.6029661738435299,critica,45.490816379414106,8.919534969916121,2,2,0,0,0,0,0,0,0,0,0
152430000045,Vittuone,0.45893733748524557,critica,45.4898153465737,8.950413788165855,3,0,0,0,0,0,2,0,1,0,0
152000000004,Santo Stefano Ticino,0.44267936867076274,critica,45.48318793199168,8.91497035837529,8,4,0,0,0,0,1,1,2,0,0
152430000048,Vittuone,0.44460285073606015,critica,45.49008420230959,8.947969174798217,0,0,0,0,0,0,0,0,0,0,0
152490000011,Vanzaghello,0.4345453338604992,critica,45.578227767291956,8.776958723437701,1,0,0,1,0,0,0,0,0,0,0
151130000023,Inveruno,0.43464922786552657,critica,45.520459146841496,8.846605290466801,0,0,0,0,0,0,0,0,0,0,0
151440000003,Mesero,0.43625814197115786,critica,45.4982684573427,8.853878457984868,8,4,1,1,0,0,0,2,0,0,0
150720000018,Cerro Maggiore,0.6689734983708844,critica,45.578928021898605,8.979984597478694,13,7,0,0,0,0,4,0,2,0,0
151540000021,Nerviano,0.6116413232633107,critica,45.55769738712691,8.99907071209709,0,0,0,0,0,0,0,0,0,0,0
150700000013,Cernusco sul Naviglio,0.6688494027537684,critica,45.524417548219986,9.324778449905986,4,2,0,0,0,0,2,0,0,0,0
150700000014,Cernusco sul Naviglio,0.5736911519824996,critica,45.525836281062844,9.31849681831271,14,13,0,0,0,0,1,0,0,0,0
150700000016,Cernusco sul Naviglio,0.5212044778316167,critica,45.52846922270684,9.324031736593838,6,5,0,0,0,0,0,0,1,0,0
150700000015,Cernusco sul Naviglio,0.5089666298227742,critica,45.52897634781298,9.321389142275919,9,6,0,0,1,0,0,0,2,0,0
150700000031,Cernusco sul Naviglio,0.624313505932059,critica,45.534921014474236,9.329168004795545,5,5,0,0,0,0,0,0,0,0,0
150700000032,Cernusco sul Naviglio,0.5157760160689394,critica,45.53445018904549,9.33332917336083,5,4,0,0,0,0,0,0,1,0,0
150700000064,Cernusco sul Naviglio,0.6247896867884344,critica,45.53089287003498,9.329425576308942,3,2,0,0,0,0,0,1,0,0,0
150700000024,Cernusco sul Naviglio,0.6111709142961037,critica,45.527137901140826,9.339057039943476,0,0,0,0,0,0,0,0,0,0,0
150700000022,Cernusco sul Naviglio,0.5827530179765488,critica,45.528884105443524,9.335940680817806,7,2,0,1,2,0,2,0,0,0,0
150700000006,Cernusco sul Naviglio,0.5394003584343174,critica,45.526356384450885,9.333518623989136,8,1,0,0,3,0,4,0,0,0,0
150700000060,Cernusco sul Naviglio,0.43931147134112725,critica,45.52977652179901,9.346409496071173,10,8,0,0,0,0,0,0,2,0,0
150700000020,Cernusco sul Naviglio,0.4725734256450807,critica,45.53149358783392,9.335524463948074,0,0,0,0,0,0,0,0,0,0,0
150700000002,Cernusco sul Naviglio,0.6628264364067682,critica,45.52454648459343,9.329452228312402,10,0,1,0,5,0,4,0,0,0,0
150700000021,Cernusco sul Naviglio,0.48185750937210503,critica,45.53033075687128,9.335855524298271,2,2,0,0,0,0,0,0,0,0,0
150700000003,Cernusco sul Naviglio,0.69710280023203,critica,45.52430836055979,9.32766198490733,8,0,0,0,4,0,4,0,0,0,0
150700000007,Cernusco sul Naviglio,0.6182703379729703,critica,45.52649664025135,9.33616525530272,1,0,0,0,0,0,1,0,0,0,0
150700000008,Cernusco sul Naviglio,0.6703500939374962,critica,45.524203261896965,9.335027439243545,9,3,0,0,2,0,2,1,1,0,0
150700000034,Cernusco sul Naviglio,0.6269628030602556,critica,45.52648327052474,9.347122941255808,6,6,0,0,0,0,0,0,0,0,0
150700000018,Cernusco sul Naviglio,0.619548811423723,critica,45.52966834020374,9.328647241232636,7,5,0,0,0,0,1,0,1,0,0
150700000017,Cernusco sul Naviglio,0.6205646639173235,critica,45.52838954035961,9.328522005125086,5,2,0,0,2,0,1,0,0,0,0
150700000019,Cernusco sul Naviglio,0.5426672477035097,critica,45.53006556250173,9.333217052329175,7,1,0,0,3,0,2,1,0,0,0
150700000023,Cernusco sul Naviglio,0.4429015864037379,critica,45.52945315281683,9.340816744767787,9,7,0,0,0,0,2,0,0,0,0
150990000003,Dairago,0.6762547365565486,critica,45.56353314765059,8.868326654494131,1,0,0,0,0,0,1,0,0,0,0
152010000013,San Vittore Olona,0.5803980871959297,critica,45.582040197717966,8.93275267186609,2,2,0,0,0,0,0,0,0,0,0
150410000010,Busto Garolfo,0.5416571670990774,critica,45.54098178250131,8.89392817445048,0,0,0,0,0,0,0,0,0,0,0
150410000011,Busto Garolfo,0.7031690557477914,critica,45.544499335636765,8.892316057792245,0,0,0,0,0,0,0,0,0,0,0
150410000018,Busto Garolfo,0.43819605375937565,critica,45.55421617994918,8.88399512371212,1,0,0,1,0,0,0,0,0,0,0
150990000002,Dairago,0.6942688026504515,critica,45.56810462837131,8.866158788318186,3,3,0,0,0,0,0,0,0,0,0
150410000005,Busto Garolfo,0.6032778558586118,critica,45.549452250628406,8.883664737299593,1,1,0,0,0,0,0,0,0,0,0
150720000015,Cerro Maggiore,0.5720548214033194,critica,45.58758765571259,8.957298960411988,0,0,0,0,0,0,0,0,0,0,0
150410000014,Busto Garolfo,0.648284161647528,critica,45.55041042150383,8.894465997706867,9,8,0,0,0,0,0,0,1,0,0
150410000002,Busto Garolfo,0.5520177081559681,critica,45.54558961175006,8.881400878365325,2,1,0,0,1,0,0,0,0,0,0
150410000001,Busto Garolfo,0.5804442623092751,critica,45.54605784611986,8.883408731906147,2,0,0,0,0,0,2,0,0,0,0
150410000015,Busto Garolfo,0.6193092780232434,critica,45.55049980630297,8.887883101580757,0,0,0,0,0,0,0,0,0,0,0
150410000003,Busto Garolfo,0.5964699125847386,critica,45.54462580548205,8.8875382795106,2,1,0,0,0,0,0,0,1,0,0
152480000014,Villa Cortese,0.5496541195415965,critica,45.56711471007849,8.880428334553997,1,0,0,0,0,0,0,0,1,0,0
150410000013,Busto Garolfo,0.6728868392269132,critica,45.54762108575925,8.890401360920565,1,1,0,0,0,0,0,0,0,0,0
150410000009,Busto Garolfo,0.4567440196013356,critica,45.53859226357612,8.875747720662956,0,0,0,0,0,0,0,0,0,0,0
150410000012,Busto Garolfo,0.6570199159035748,critica,45.54683246054418,8.896817472121203,1,1,0,0,0,0,0,0,0,0,0
151540000022,Nerviano,0.4637308914394226,critica,45.56272211040349,8.998677017346779,2,1,0,0,0,0,0,0,1,0,0
151820000178,Rho,0.44860276992961184,critica,45.5165706570074,9.04764364097361,2,0,0,0,0,0,0,0,2,0,0
151660000372,Paderno Dugnano,0.5527189926899023,critica,45.58925219156804,9.160019789341884,0,0,0,0,0,0,0,0,0,0,0
151460004437,Milano,0.4705850098266413,critica,45.475677434503716,9.08950208262084,0,0,0,0,0,0,0,0,0,0,0
151460004257,Milano,0.6548063964075762,critica,45.465721526532164,9.080171008747055,3,1,0,0,1,0,0,0,1,0,0
151460004258,Milano,0.6103109028100442,critica,45.46603596200888,9.082950783022092,3,2,0,0,0,0,0,0,1,0,0
151460004303,Milano,0.44131287391019514,critica,45.46031535521283,9.083023034738261,0,0,0,0,0,0,0,0,0,0,0
151460004269,Milano,0.4622273143111106,critica,45.46979486197132,9.09213526558765,1,0,0,0,0,0,0,0,1,0,0
151460004441,Milano,0.5976820093100572,critica,45.477124399428256,9.086951500877827,3,2,0,0,0,0,0,0,1,0,0
151460004438,Milano,0.6090035699134505,critica,45.47651338634114,9.09016680909657,1,1,0,0,0,0,0,0,0,0,0
151460004451,Milano,0.4630498085175769,critica,45.46807438676996,9.08047686675101,1,1,0,0,0,0,0,0,0,0,0
150720000017,Cerro Maggiore,0.6999223680906879,critica,45.58874789455034,8.965306260841972,3,1,0,0,0,0,0,2,0,0,0
151460003045,Milano,0.46959224488971363,critica,45.40478376156738,9.172970185866436,0,0,0,0,0,0,0,0,0,0,0
151460003218,Milano,0.44563313295258106,critica,45.42638054994324,9.15771530499599,0,0,0,0,0,0,0,0,0,0,0
151460003217,Milano,0.45014963622668513,critica,45.425781031035285,9.158009202125767,0,0,0,0,0,0,0,0,0,0,0
150120000016,Bareggio,0.6054076829616718,critica,45.500019728876346,8.994927471141729,0,0,0,0,0,0,0,0,0,0,0
152040000096,Sedriano,0.44294054665562316,critica,45.485319262015935,8.986043613176328,0,0,0,0,0,0,0,0,0,0,0
152040000071,Sedriano,0.47295725627476504,critica,45.49631434921328,8.964257754659085,1,1,0,0,0,0,0,0,0,0,0
150120000042,Bareggio,0.6255544621032187,critica,45.476890359246845,8.990603070177313,2,1,0,0,0,0,0,0,1,0,0
152290000011,Vanzago,0.46976828750934324,critica,45.51210128807049,8.98802213650073,1,1,0,0,0,0,0,0,0,0,0
150720000020,Cerro Maggiore,0.619358339081173,critica,45.57559979312777,8.976982028309507,3,3,0,0,0,0,0,0,0,0,0
150120000035,Bareggio,0.4418179142124113,critica,45.47246135800155,8.993941136463471,2,1,0,0,0,0,0,0,1,0,0
152290000019,Vanzago,0.4446071796529363,critica,45.52378901566032,8.985011885946562,3,2,0,0,0,0,0,0,1,0,0
151810000019,Rescaldina,0.5391579390892536,critica,45.623599812033454,8.946505244791057,10,6,0,0,1,0,0,0,3,0,0
151810000007,Rescaldina,0.4877433933513608,critica,45.61962701728034,8.944242429740076,0,0,0,0,0,0,0,0,0,0,0
152110000142,Settimo Milanese,0.4343793920469139,critica,45.49406757783242,9.044723846484791,0,0,0,0,0,0,0,0,0,0,0
150970000048,Cusago,0.6332916795331696,critica,45.46010860154242,9.040519140709016,0,0,0,0,0,0,0,0,0,0,0
152110000135,Settimo Milanese,0.5667619990360945,critica,45.496155333266195,9.04264566368492,3,2,0,0,0,0,1,0,0,0,0
152110000134,Settimo Milanese,0.5030547723422615,critica,45.498132726412045,9.043227536515733,1,1,0,0,0,0,0,0,0,0,0
152110000011,Settimo Milanese,0.5085178654399478,critica,45.497641105965464,9.04112440688432,1,1,0,0,0,0,0,0,0,0,0
150120000001,Bareggio,0.6050469398886602,critica,45.47751129893376,8.994309530078416,3,0,0,0,0,0,2,0,1,0,0
150120000002,Bareggio,0.5667533412023422,critica,45.47785375184712,8.996490558690828,0,0,0,0,0,0,0,0,0,0,0
152040000030,Sedriano,0.5078454403518544,critica,45.49430334422598,8.974377075347377,0,0,0,0,0,0,0,0,0,0,0
150120000046,Bareggio,0.46239181315240385,critica,45.47957019051776,8.996735678874993,0,0,0,0,0,0,0,0,0,0,0
150120000034,Bareggio,0.5022178484128748,critica,45.475139704436586,8.994836490350416,6,1,0,0,5,0,0,0,0,0,0
152110000030,Settimo Milanese,0.6184247360082191,critica,45.49731706952914,9.04392140164849,2,0,0,0,0,0,2,0,0,0,0
150120000032,Bareggio,0.6122213981247132,critica,45.474018985092115,8.990453321839736,3,2,0,0,0,0,0,0,1,0,0
151460002828,Milano,0.4288874395033866,critica,45.42625015717177,9.203980719073334,0,0,0,0,0,0,0,0,0,0,0
151460004447,Milano,0.5842161918806835,critica,45.4744801599532,9.09170578005761,0,0,0,0,0,0,0,0,0,0,0
151460004433,Milano,0.5330426225155624,critica,45.47962403472697,9.090296771162057,1,1,0,0,0,0,0,0,0,0,0
151460004436,Milano,0.5534981977276072,critica,45.47577605915715,9.090964322302359,0,0,0,0,0,0,0,0,0,0,0
151460004435,Milano,0.5830704718807989,critica,45.476335821324696,9.092562963931359,1,0,0,0,0,0,0,0,1,0,0
151460004446,Milano,0.5307973576291388,critica,45.474399821705056,9.087406007151726,0,0,0,0,0,0,0,0,0,0,0
151460004266,Milano,0.4961746804537859,critica,45.46867307113546,9.088319185455127,1,0,0,0,0,0,0,0,1,0,0
151810000010,Rescaldina,0.5168048553131683,critica,45.62067015827273,8.948322956999181,6,2,0,0,0,0,2,0,2,0,0
151810000008,Rescaldina,0.4365178769837262,critica,45.61654739170085,8.947545965376921,3,2,0,0,0,0,0,0,1,0,0
150720000006,Cerro Maggiore,0.5262693105766982,critica,45.59292265284107,8.953214802696698,0,0,0,0,0,0,0,0,0,0,0
151810000020,Rescaldina,0.5390944483084037,critica,45.62371924462992,8.950002346192628,0,0,0,0,0,0,0,0,0,0,0
150720000013,Cerro Maggiore,0.5309531986366798,critica,45.59032782793553,8.952689696785344,3,2,0,0,0,0,0,0,1,0,0
150720000011,Cerro Maggiore,0.5191323696202386,critica,45.59285250495599,8.949329177207892,4,4,0,0,0,0,0,0,0,0,0
150720000012,Cerro Maggiore,0.591407965784241,critica,45.590351626851394,8.947000803594818,3,2,0,0,0,0,0,0,1,0,0
151810000021,Rescaldina,0.4712199176351416,critica,45.62635460948989,8.947281135441258,7,6,0,0,0,0,0,0,1,0,0
150720000016,Cerro Maggiore,0.6125244223060429,critica,45.591583307596636,8.957270478401952,2,2,0,0,0,0,0,0,0,0,0
151460005188,Milano,0.45192737809048594,critica,45.52109648607908,9.132759670398341,0,0,0,0,0,0,0,0,0,0,0
150700000065,Cernusco sul Naviglio,0.6244087421033341,critica,45.52141519739847,9.32148556354062,5,4,0,0,0,0,0,0,1,0,0
151750000070,Pioltello,0.45110776982860373,critica,45.48745891661719,9.32134718963854,2,1,0,0,0,0,0,0,1,0,0
150720000005,Cerro Maggiore,0.4836381371804899,critica,45.593640634617664,8.961198687338596,1,1,0,0,0,0,0,0,0,0,0
151460004434,Milano,0.573416987247011,critica,45.477626667502115,9.09159539151835,2,2,0,0,0,0,0,0,0,0,0
151460004259,Milano,0.5185696104263406,critica,45.46636429946934,9.08462528838225,0,0,0,0,0,0,0,0,0,0,0
151460004262,Milano,0.4775257065513828,critica,45.46600811294351,9.08619188589135,0,0,0,0,0,0,0,0,0,0,0
151460004443,Milano,0.6394878025552153,critica,45.47805112200223,9.083976465461243,0,0,0,0,0,0,0,0,0,0,0
151460004432,Milano,0.6448556594816266,critica,45.47902858456365,9.08808162010338,1,1,0,0,0,0,0,0,0,0,0
151460004439,Milano,0.4669458337061012,critica,45.47762393367253,9.089763068306498,0,0,0,0,0,0,0,0,0,0,0
151460003252,Milano,0.4975974511337433,critica,45.430348462656426,9.150585112739488,1,1,0,0,0,0,0,0,0,0,0
151460003248,Milano,0.49823524488682763,critica,45.43068615490224,9.146881434467792,3,3,0,0,0,0,0,0,0,0,0
152130000009,Solaro,0.5167774388396194,critica,45.613753938727754,9.08961206534178,1,0,0,0,1,0,0,0,0,0,0
151890000213,Rozzano,0.4388554920968407,critica,45.397947032085106,9.16169792677735,4,2,0,0,0,0,0,0,2,0,0
152130000012,Solaro,0.44536185416167634,critica,45.609156826226176,9.093127834656118,34,20,0,1,12,0,1,0,0,0,0
152130000011,Solaro,0.5562715904729199,critica,45.61544614972933,9.091954386411151,3,0,0,1,0,0,1,0,1,0,0
151460002586,Milano,0.45662569587338786,critica,45.43268439625428,9.222275498526853,0,0,0,0,0,0,0,0,0,0,0
150700000012,Cernusco sul Naviglio,0.6655421102603988,critica,45.52320850233791,9.324508296062085,2,0,0,0,0,0,1,0,1,0,0
151460002572,Milano,0.43716288559827077,critica,45.435427250173795,9.219918622903926,0,0,0,0,0,0,0,0,0,0,0
151030000117,Gaggiano,0.5953790255319518,critica,45.41735735628715,9.011474720860681,0,0,0,0,0,0,0,0,0,0,0
150050000022,Albairate,0.5104947374800509,critica,45.43842178286099,8.947630179048526,1,0,0,0,0,0,1,0,0,0,0
151650000003,Ozzero,0.4835861901779762,critica,45.35761809806053,8.907881049899485,2,0,0,0,0,0,2,0,0,0,0
151030000093,Gaggiano,0.7171341415902132,critica,45.38036881812242,9.027452558781224,0,0,0,0,0,0,0,0,0,0,0
150220000002,Besate,0.8457837792598706,critica,45.31263228595504,8.971293383403518,8,6,0,0,0,0,1,0,1,0,0
151500000009,Morimondo,0.662852409908025,critica,45.32341944697547,8.967844347450596,2,1,0,0,0,0,1,0,0,0,0
152360000001,Vernate,0.7404237143838364,critica,45.33191544543978,9.049306781794833,2,2,0,0,0,0,0,0,0,0,0
151840000020,Robecco sul Naviglio,0.560104124880594,critica,45.41838194669806,8.883589533936105,2,0,0,0,0,0,0,0,2,0,0
151300000321,Magenta,0.5419053583333093,critica,45.45578592635661,8.86596516462903,2,1,0,0,0,0,0,0,1,0,0
151890000216,Rozzano,0.48069447370471585,critica,45.37625411562685,9.180377270035228,1,1,0,0,0,0,0,0,0,0,0
151890000215,Rozzano,0.5643060601950322,critica,45.37964551784284,9.182053111438714,2,1,0,0,0,0,0,0,1,0,0
151950000113,San Giuliano Milanese,0.5438851163179965,critica,45.40341414701573,9.293184533784265,0,0,0,0,0,0,0,0,0,0,0
150700000070,Cernusco sul Naviglio,0.491725996877408,critica,45.53081705206022,9.322226591342826,12,11,0,0,0,0,0,0,1,0,0
151500000001,Morimondo,0.5434464527412144,critica,45.37102347670223,8.954584938245342,5,3,0,0,0,0,1,0,1,0,0
151840000005,Robecco sul Naviglio,0.5620521374748562,critica,45.43620604437002,8.889412473035678,1,0,0,0,0,0,1,0,0,0,0
151840000010,Robecco sul Naviglio,0.6267001821031033,critica,45.43858839455296,8.889449225070846,2,0,0,0,0,0,2,0,0,0,0
151030000091,Gaggiano,0.521371862617494,critica,45.37809626824612,9.026394379420212,2,1,0,0,0,0,0,0,1,0,0
150970000047,Cusago,0.5293399556141724,critica,45.45925895931296,9.043954324353502,0,0,0,0,0,0,0,0,0,0,0
150360000044,Buccinasco,0.48623837325075686,critica,45.388796238848904,9.111903283856865,0,0,0,0,0,0,0,0,0,0,0
152200000020,Trezzano sul Naviglio,0.4412060939605838,critica,45.41832879812606,9.053778210426087,3,2,0,0,0,0,1,0,0,0,0
152200000021,Trezzano sul Naviglio,0.6390635687013538,critica,45.41766688548799,9.05272892586298,5,4,0,1,0,0,0,0,0,0,0
151030000062,Gaggiano,0.48897713466106024,critica,45.41197466791958,9.054718723245431,0,0,0,0,0,0,0,0,0,0,0
151460004196,Milano,0.47306980811354465,critica,45.481939861050776,9.121847159105798,2,1,0,0,0,0,1,0,0,0,0
151840000012,Robecco sul Naviglio,0.5737690724862701,critica,45.43990213676654,8.89142098058482,4,3,0,0,0,0,0,0,1,0,0
151840000014,Robecco sul Naviglio,0.590689365582802,critica,45.442809029161005,8.888710171687217,0,0,0,0,0,0,0,0,0,0,0
151840000038,Robecco sul Naviglio,0.527605502919133,critica,45.43857915615941,8.893168646304712,1,0,0,0,0,0,0,0,1,0,0
151460004976,Milano,0.5449760033707832,critica,45.4862971922927,9.121587833108906,5,4,0,0,0,0,0,0,1,0,0
151460004979,Milano,0.5243732449849499,critica,45.48586644398505,9.127322495874214,0,0,0,0,0,0,0,0,0,0,0
151460004139,Milano,0.48055594836467946,critica,45.46964280055543,9.13909597429392,1,1,0,0,0,0,0,0,0,0,0
151460004975,Milano,0.5166533432225034,critica,45.488018736383246,9.119765561911391,1,1,0,0,0,0,0,0,0,0,0
150220000001,Besate,0.8066359409766615,critica,45.312246546415736,8.967317634092902,7,4,0,0,0,0,2,0,1,0,0
151650000001,Ozzero,0.6776659634581697,critica,45.36543666684175,8.926377956225291,3,2,0,0,0,0,1,0,0,0,0
150610000003,Cassinetta di Lugagnano,0.44453214509374983,critica,45.42212844350771,8.906800901236354,17,14,0,0,0,0,1,0,2,0,0
151840000004,Robecco sul Naviglio,0.7107590900039538,critica,45.43715771503254,8.886504711046172,8,3,0,0,1,0,2,0,1,0,1
151030000128,Gaggiano,0.47221268257206933,critica,45.408159802195016,9.033841319727452,1,1,0,0,0,0,0,0,0,0,0
150970000002,Cusago,0.5957686280508041,critica,45.45769421072086,9.0436545097493,6,5,0,0,0,0,0,0,1,0,0
151650000002,Ozzero,0.6528035508662162,critica,45.368772726590294,8.922925949472168,27,23,1,0,0,0,0,1,2,0,0
152350000001,Vermezzo,0.4326680269085472,critica,45.39681572385301,8.980579583071153,14,12,0,0,0,0,1,0,1,0,0
150050000018,Albairate,0.49262208267076857,critica,45.401157237490416,8.935927355169335,0,0,0,0,0,0,0,0,0,0,0
151030000141,Gaggiano,0.48610850574447273,critica,45.37997262411626,9.025981143578385,1,1,0,0,0,0,0,0,0,0,0
151030000137,Gaggiano,0.43576897436415424,critica,45.40715516933826,9.028578910635774,2,1,0,0,0,0,0,1,0,0,0
151030000095,Gaggiano,0.4730034313881104,critica,45.38206415912045,9.02629598964733,2,1,0,0,0,0,0,1,0,0,0
151030000077,Gaggiano,0.5176951692173607,critica,45.384693145962025,9.040819807286672,2,0,0,0,0,0,2,0,0,0,0
150780000005,Cisliano,0.5245031124912339,critica,45.4431144142611,8.981186054296963,2,2,0,0,0,0,0,0,0,0,0
151840000015,Robecco sul Naviglio,0.6649591494544121,critica,45.44192384403323,8.885466003727574,4,1,0,0,0,0,1,0,2,0,0
151030000118,Gaggiano,0.6721220639121288,critica,45.418227320985956,9.013431336673333,8,5,0,0,0,0,2,0,1,0,0
151840000007,Robecco sul Naviglio,0.6833426164550789,critica,45.438664236437425,8.88335179183071,0,0,0,0,0,0,0,0,0,0,0
151840000003,Robecco sul Naviglio,0.7196016242096119,critica,45.433125925892895,8.886925340757795,3,2,0,0,0,0,1,0,0,0,0
151840000017,Robecco sul Naviglio,0.5236921620631041,critica,45.44398258740767,8.897115923200694,2,1,0,0,0,0,0,0,1,0,0
150850000020,Corbetta,0.6859024493011685,critica,45.45921562814552,8.940228612465534,4,2,0,0,0,0,1,0,1,0,0
151030000145,Gaggiano,0.5472616714813842,critica,45.376735356565185,9.026651367927075,2,2,0,0,0,0,0,0,0,0,0
151660000119,Paderno Dugnano,0.6505467422014563,critica,45.5624256305931,9.157402873932757,0,0,0,0,0,0,0,0,0,0,0
151460004131,Milano,0.4731592723956514,critica,45.46975406750138,9.137858386543286,0,0,0,0,0,0,0,0,0,0,0
151460004129,Milano,0.45305866836745,critica,45.470432576230756,9.138950974919535,0,0,0,0,0,0,0,0,0,0,0
151460004993,Milano,0.5111094436764625,critica,45.489813993733804,9.121230550835017,1,1,0,0,0,0,0,0,0,0,0
151030000138,Gaggiano,0.5967296475973068,critica,45.41677324109316,9.014432874040784,6,1,0,0,0,0,5,0,0,0,0
150050000021,Albairate,0.5884267850288739,critica,45.43005730754986,8.960766564250308,0,0,0,0,0,0,0,0,0,0,0
151030000119,Gaggiano,0.5643666650312981,critica,45.41866022795699,9.015622181887915,4,4,0,0,0,0,0,0,0,0,0
151030000092,Gaggiano,0.5522312680551907,critica,45.37927163963387,9.025552199416579,6,3,0,0,0,0,3,0,0,0,0
151840000008,Robecco sul Naviglio,0.7257111688941349,critica,45.44021986514633,8.880949691323474,2,0,0,0,0,0,1,0,1,0,0
151840000018,Robecco sul Naviglio,0.4952598360206288,critica,45.44453727770022,8.899210393799072,1,0,0,0,0,0,0,0,1,0,0
151700000088,Pero,0.5189996161693703,critica,45.50417376233796,9.089831345083411,2,2,0,0,0,0,0,0,0,0,0
151660000240,Paderno Dugnano,0.6016761566144406,critica,45.57203345857146,9.138004801773214,9,9,0,0,0,0,0,0,0,0,0
151660000232,Paderno Dugnano,0.548851826947219,critica,45.571095179796025,9.142170069396771,0,0,0,0,0,0,0,0,0,0,0
151660000257,Paderno Dugnano,0.43560158957827694,critica,45.57233196805692,9.140244874308205,4,2,0,0,0,0,1,0,1,0,0
151820000283,Rho,0.46513057456270723,critica,45.53494895987811,9.05106168036326,0,0,0,0,0,0,0,0,0,0,0
152500000026,Baranzate,0.4444599964791476,critica,45.528543192964655,9.113736677690135,8,6,0,1,0,0,0,0,1,0,0
150090000009,Arese,0.4373201695781037,critica,45.54811027646423,9.07017787461766,6,6,0,0,0,0,0,0,0,0,0
150090000018,Arese,0.44146150005627594,critica,45.55871828025194,9.073121948522255,36,35,0,0,1,0,0,0,0,0,0
151460004981,Milano,0.5744934445768772,critica,45.48726394893193,9.127964273155103,4,1,0,0,0,0,2,1,0,0,0
151460004977,Milano,0.4513011281157379,critica,45.4879736544297,9.12347919260578,4,4,0,0,0,0,0,0,0,0,0
151460003114,Milano,0.4996262701763601,critica,45.41185304913546,9.165818587141485,3,1,0,0,0,0,0,0,2,0,0
151460003047,Milano,0.4713497851414257,critica,45.40610361043138,9.173562510922514,0,0,0,0,0,0,0,0,0,0,0
151500000002,Morimondo,0.6584600022510367,critica,45.3537930077918,8.956078186419015,9,1,0,0,0,0,8,0,0,0,0
151840000006,Robecco sul Naviglio,0.7230185825971769,critica,45.43546169881621,8.882784156223575,8,7,0,0,0,0,0,0,1,0,0
151400000039,Melegnano,0.5606322527394829,critica,45.35071179978586,9.329348884861528,9,5,0,0,0,0,0,2,2,0,0
151660000261,Paderno Dugnano,0.5724299941992514,critica,45.554747115847185,9.15429825804523,1,0,0,1,0,0,0,0,0,0,0
151660000348,Paderno Dugnano,0.5269417356647919,critica,45.55515277003687,9.15585953576373,0,0,0,0,0,0,0,0,0,0,0
151660000271,Paderno Dugnano,0.48223268216803705,critica,45.554489922649864,9.157659199256418,2,2,0,0,0,0,0,0,0,0,0
151660000262,Paderno Dugnano,0.6135864499129888,critica,45.55493838656636,9.155106939529587,0,0,0,0,0,0,0,0,0,0,0
150090000101,Arese,0.4941429754665851,critica,45.54251343300132,9.082641157786343,11,10,0,0,0,0,1,0,0,0,0
150090000065,Arese,0.5439226335975897,critica,45.545167847170426,9.074757067013442,5,5,0,0,0,0,0,0,0,0,0
152500000034,Baranzate,0.44345857370846764,critica,45.52631417299715,9.114654568270561,18,9,0,0,0,0,5,0,4,0,0
152500000024,Baranzate,0.43939227778948187,critica,45.531742474830786,9.117140190585559,13,13,0,0,0,0,0,0,0,0,0
150090000100,Arese,0.48666837899378657,critica,45.54218016134199,9.079719044735272,14,13,0,0,0,0,1,0,0,0,0
152060000027,Senago,0.5139174677567842,critica,45.58143794009701,9.104100697386924,3,2,0,0,0,0,1,0,0,0,0
151700000034,Pero,0.44531856499291506,critica,45.515833094961174,9.061768334765802,0,0,0,0,0,0,0,0,0,0,0
151700000040,Pero,0.6176296582753018,critica,45.51488309144264,9.06596444710229,4,4,0,0,0,0,0,0,0,0,0
151700000073,Pero,0.503666592594089,critica,45.507843514812365,9.088564060181998,2,0,0,0,1,0,1,0,0,0,0
151700000020,Pero,0.43952936015722627,critica,45.509002824158884,9.089225446569367,6,0,0,0,1,0,5,0,0,0,0
150090000007,Arese,0.4988239775819825,critica,45.54303679325066,9.076301917496714,11,11,0,0,0,0,0,0,0,0,0
152500000035,Baranzate,0.437109495623465,critica,45.525367326166986,9.10886680858025,3,2,0,0,1,0,0,0,0,0,0
152060000005,Senago,0.5232159812067289,critica,45.574828658980685,9.115377054911713,11,8,0,1,0,0,0,1,1,0,0
150860000035,Cormano,0.48766402987529833,critica,45.549925633131345,9.15899506663064,8,6,0,0,0,0,2,0,0,0,0
150860000046,Cormano,0.4311052879162614,critica,45.54815731827287,9.158151392860066,1,0,0,0,0,0,1,0,0,0,0
150860000036,Cormano,0.4562534090220399,critica,45.55183472844121,9.157320653418637,2,1,1,0,0,0,0,0,0,0,0
150860000027,Cormano,0.514035791484732,critica,45.54659121485463,9.158125854710633,6,1,0,0,0,0,4,0,1,0,0
150860000037,Cormano,0.5559108473999083,critica,45.549722866206444,9.156411166229297,4,2,0,0,0,0,2,0,0,0,0
150860000038,Cormano,0.6215603147988352,critica,45.549094988484015,9.152725893884064,4,1,0,0,0,0,2,0,1,0,0
151660000272,Paderno Dugnano,0.5259836020628732,critica,45.554130641295004,9.155646147962079,1,1,0,0,0,0,0,0,0,0,0
151660000011,Paderno Dugnano,0.4581581324475407,critica,45.569009135264395,9.172552717455421,0,0,0,0,0,0,0,0,0,0,0
151660000084,Paderno Dugnano,0.661850987137345,critica,45.56532465941614,9.159597614887684,6,5,0,0,1,0,0,0,0,0,0
151660000019,Paderno Dugnano,0.45324625476541597,critica,45.56961895922073,9.1614066163046,0,0,0,0,0,0,0,0,0,0,0
151660000111,Paderno Dugnano,0.5740028339975816,critica,45.5598379757793,9.162735438706624,0,0,0,0,0,0,0,0,0,0,0
151660000203,Paderno Dugnano,0.5786174593875448,critica,45.57142214610574,9.148893774902481,1,0,0,0,0,0,1,0,0,0,0
151660000214,Paderno Dugnano,0.5041514312842164,critica,45.561263667918595,9.15495001006319,1,0,0,1,0,0,0,0,0,0,0
151660000026,Paderno Dugnano,0.46874666312657465,critica,45.56647208445085,9.170222781000051,1,1,0,0,0,0,0,0,0,0,0
152110000140,Settimo Milanese,0.551547299188761,critica,45.47843373943749,9.052955803018017,0,0,0,0,0,0,0,0,0,0,0
152110000037,Settimo Milanese,0.507678055565977,critica,45.47229510803622,9.061342793499605,0,0,0,0,0,0,0,0,0,0,0
152110000014,Settimo Milanese,0.5480524202974255,critica,45.48361698624671,9.05719513677999,1,0,0,0,0,0,0,0,1,0,0
152110000083,Settimo Milanese,0.4379579633311881,critica,45.47847040962015,9.058386964645711,5,4,0,0,0,0,0,0,1,0,0
152110000025,Settimo Milanese,0.5660664863913283,critica,45.472266363782694,9.065880775931172,2,0,0,0,0,0,2,0,0,0,0
152110000052,Settimo Milanese,0.46742778645164457,critica,45.48655570511364,9.057568396938997,0,0,0,0,0,0,0,0,0,0,0
152110000007,Settimo Milanese,0.5123417420138698,critica,45.485282396446614,9.051453692540994,0,0,0,0,0,0,0,0,0,0,0
152110000109,Settimo Milanese,0.43327840418808283,critica,45.47216439141148,9.06332844339763,1,0,0,0,0,0,1,0,0,0,0
151460004489,Milano,0.5823489857347759,critica,45.483998914354196,9.116362082230085,0,0,0,0,0,0,0,0,0,0,0
151700000037,Pero,0.43850196388528945,critica,45.51463221778684,9.063924301078709,0,0,0,0,0,0,0,0,0,0,0
152210000008,Trezzo sull'Adda,0.4372220474622446,critica,45.61253925395145,9.511087928724386,10,8,0,0,0,0,0,0,2,0,0
151780000015,Pozzuolo Martesana,0.6626417359533863,critica,45.51110379527954,9.478017180305363,1,0,0,0,0,0,0,1,0,0,0
152370000005,Vignate,0.437046004842615,critica,45.49242401128552,9.373556333253154,8,6,0,0,1,0,1,0,0,0,0
151460004980,Milano,0.4971501297232091,critica,45.48551374872587,9.129334955588202,3,2,0,1,0,0,0,0,0,0,0
152110000091,Settimo Milanese,0.44027249088763,critica,45.48258957473085,9.060298320188622,0,0,0,0,0,0,0,0,0,0,0
152110000124,Settimo Milanese,0.5435301451341532,critica,45.463738709664625,9.074114629969408,0,0,0,0,0,0,0,0,0,0,0
152110000120,Settimo Milanese,0.5313889762688777,critica,45.46607293588787,9.072687392507833,2,1,0,0,0,0,0,0,1,0,0
152110000125,Settimo Milanese,0.4632143073588701,critica,45.46462611867284,9.07346530341383,4,3,0,0,0,0,0,0,1,0,0
152010000007,San Vittore Olona,0.5630824196913771,critica,45.58423518721276,8.937959691564904,18,13,0,0,0,0,3,1,1,0,0
150410000019,Busto Garolfo,0.5123330841801176,critica,45.55145725502175,8.879765904700243,6,4,0,0,1,0,0,1,0,0,0
151700000015,Pero,0.46422438796330234,critica,45.51100917023459,9.087650705338529,5,1,0,0,0,0,2,0,2,0,0
151700000023,Pero,0.44636904882152456,critica,45.50867130793634,9.089010513551905,0,0,0,0,0,0,0,0,0,0,0
151700000075,Pero,0.4863826704799615,critica,45.50816699285436,9.08755472382346,0,0,0,0,0,0,0,0,0,0,0
151700000031,Pero,0.5534722242263503,critica,45.517888010657785,9.062575308483376,0,0,0,0,0,0,0,0,0,0,0
151700000029,Pero,0.6036905459341368,critica,45.51850454598926,9.063109462888248,6,1,1,0,1,0,1,0,2,0,0
150090000066,Arese,0.43838508312963376,critica,45.54541926397519,9.07752329763317,19,8,0,0,4,0,7,0,0,0,0
150090000031,Arese,0.43495946690831644,critica,45.552482271276084,9.059997263006684,13,12,0,0,0,0,0,0,1,0,0
150090000097,Arese,0.49383995128525543,critica,45.55419283425432,9.057114711575737,5,5,0,0,0,0,0,0,0,0,0
151720000011,Pessano con Bornago,0.4745676133526883,critica,45.54539577437924,9.392001123120567,3,2,0,1,0,0,0,0,0,0,0
151720000008,Pessano con Bornago,0.5684127593381952,critica,45.54650971345076,9.386522372055374,9,8,0,0,0,0,0,0,1,0,0
151720000002,Pessano con Bornago,0.6810944656240712,critica,45.54461573544201,9.389314377935037,1,0,0,0,0,0,0,0,1,0,0
151720000005,Pessano con Bornago,0.6126831492581679,critica,45.55156550922524,9.377475056683073,7,6,0,0,0,0,0,0,1,0,0
150700000035,Cernusco sul Naviglio,0.5225724155644764,critica,45.52667985650893,9.359187478892053,15,9,0,0,0,0,3,0,3,0,0
150400000007,Bussero,0.43744426519521973,critica,45.53902157420664,9.37579334833137,18,13,0,0,1,0,1,1,2,0,0
152370000009,Vignate,0.506735794659271,critica,45.49896043683702,9.378521464450923,6,6,0,0,0,0,0,0,0,0,0
151220000012,Liscate,0.49727711128490915,critica,45.48530998441461,9.388674737924571,10,8,0,1,1,0,0,0,0,0,0
150600000019,Cassina de' Pecchi,0.5435214873004008,critica,45.512858728421605,9.3647699497919,3,2,0,0,0,0,0,0,1,0,0
152370000018,Vignate,0.5981177869422551,critica,45.50147945341483,9.38290450371925,6,5,0,0,0,0,0,0,1,0,0
150600000048,Cassina de' Pecchi,0.5613364232180014,critica,45.51011758227338,9.363944802270566,2,2,0,0,0,0,0,0,0,0,0
152370000007,Vignate,0.524540629770827,critica,45.49852371579933,9.382985753195939,5,4,0,0,0,0,0,0,1,0,0
152370000012,Vignate,0.47847518231954905,critica,45.48450921484245,9.381136055926374,9,7,0,0,2,0,0,0,0,0,0
150600000059,Cassina de' Pecchi,0.4367242220214888,critica,45.52060238941362,9.390475409058157,4,3,0,0,0,0,1,0,0,0,0
151300000264,Magenta,0.5248292242292364,critica,45.450944264494034,8.860085982108568,1,0,0,0,0,0,1,0,0,0,0
151300000289,Magenta,0.507992623525643,critica,45.458119918160826,8.846635910655511,0,0,0,0,0,0,0,0,0,0,0
151300000260,Magenta,0.515640376673487,critica,45.452170176202614,8.857449478822716,0,0,0,0,0,0,0,0,0,0,0
152210000010,Trezzo sull'Adda,0.432567018848104,critica,45.612368925561,9.504737974055065,7,7,0,0,0,0,0,0,0,0,0
151770000004,Pozzo d'Adda,0.44187996202096924,critica,45.56301184251287,9.490275875130108,6,2,0,0,0,0,3,0,1,0,0
150590000010,Cassano d'Adda,0.5025035569266999,critica,45.51743259508147,9.508216841085517,1,1,0,0,0,0,0,0,0,0,0
152240000010,Truccazzano,0.7476905228465803,critica,45.46513230307565,9.474614710321132,2,2,0,0,0,0,0,0,0,0,0
151780000002,Pozzuolo Martesana,0.5167832107287875,critica,45.51409552706355,9.448246063789622,5,3,0,0,0,0,0,0,2,0,0
151060000003,Gessate,0.5399833192403041,critica,45.55796024314038,9.442548061040322,1,1,0,0,0,0,0,0,0,0,0
150590000074,Cassano d'Adda,0.44768792549645464,critica,45.52199077171548,9.510466507154124,0,0,0,0,0,0,0,0,0,0,0
150590000039,Cassano d'Adda,0.6425786492047779,critica,45.505639549149876,9.533896583257452,0,0,0,0,0,0,0,0,0,0,0
151780000013,Pozzuolo Martesana,0.5862161514774593,critica,45.513795469641394,9.475872064433867,2,2,0,0,0,0,0,0,0,0,0
151080000012,Gorgonzola,0.6526101925790821,critica,45.53906279323437,9.423591695464282,8,7,0,0,0,0,1,0,0,0,0
151780000010,Pozzuolo Martesana,0.7180720735800431,critica,45.51319287561631,9.46482469967279,8,8,0,0,0,0,0,0,0,0,0
151060000002,Gessate,0.7425160242073031,critica,45.55974353158851,9.434033288123851,0,0,0,0,0,0,0,0,0,0,0
151780000009,Pozzuolo Martesana,0.5906749358598816,critica,45.516292064594914,9.466066284697202,0,0,0,0,0,0,0,0,0,0,0
151780000003,Pozzuolo Martesana,0.6512797721258157,critica,45.51486340490079,9.4534955396688,4,2,0,0,0,0,0,0,2,0,0
150590000052,Cassano d'Adda,0.49388035450943263,critica,45.52255371748601,9.512933613022788,0,0,0,0,0,0,0,0,0,0,0
151780000004,Pozzuolo Martesana,0.6458743979198112,critica,45.51735440182973,9.452333622660971,0,0,0,0,0,0,0,0,0,0,0
151780000014,Pozzuolo Martesana,0.5558473566190583,critica,45.51396448918433,9.480215807838945,5,3,0,0,0,0,1,0,1,0,0
151080000032,Gorgonzola,0.6637614824520139,critica,45.522846878840014,9.427838967754294,0,0,0,0,0,0,0,0,0,0,0
151420000025,Melzo,0.4541899586444141,critica,45.49968573322482,9.429348985564765,1,1,0,0,0,0,0,0,0,0,0
151420000026,Melzo,0.5981495323326802,critica,45.50043037273222,9.432554323539165,3,3,0,0,0,0,0,0,0,0,0
150590000004,Cassano d'Adda,0.6091363233643188,critica,45.518032575333756,9.511773371224752,7,7,0,0,0,0,0,0,0,0,0
151420000024,Melzo,0.48631917969911137,critica,45.50290073009887,9.429311181773357,0,0,0,0,0,0,0,0,0,0,0
150140000001,Basiano,0.5501591598438127,critica,45.5744209789287,9.468201920701501,21,12,2,0,1,0,4,1,1,0,0
151780000016,Pozzuolo Martesana,0.5801441240725296,critica,45.512304850691386,9.483416539439132,1,0,0,0,0,0,0,0,1,0,0
150590000009,Cassano d'Adda,0.4455494405596424,critica,45.515134410475966,9.506785016646598,1,1,0,0,0,0,0,0,0,0,0
151060000018,Gessate,0.6363796402381481,critica,45.55548598929802,9.436754927852723,14,6,0,0,3,0,3,0,2,0,0
151420000028,Melzo,0.5984006095114961,critica,45.49543602182502,9.431168816483714,0,0,0,0,0,0,0,0,0,0,0
150440000001,Cambiago,0.5344480775280153,critica,45.57336648403671,9.424165973486293,14,7,0,0,0,0,1,3,3,0,0
150440000003,Cambiago,0.6241749805920227,critica,45.570947034068894,9.426718626422717,5,3,0,0,0,0,1,0,1,0,0
151780000005,Pozzuolo Martesana,0.6813715163041439,critica,45.514458765434696,9.458831660939893,0,0,0,0,0,0,0,0,0,0,0
150440000014,Cambiago,0.6030844975714776,critica,45.57422253047003,9.427891898550474,6,6,0,0,0,0,0,0,0,0,0
152300000017,Vaprio d'Adda,0.4387328394520168,critica,45.56422324105093,9.52061100886741,0,0,0,0,0,0,0,0,0,0,0
151780000001,Pozzuolo Martesana,0.5711197753580737,critica,45.512402334355095,9.451995343268706,3,2,0,0,0,0,0,0,1,0,0
151060000020,Gessate,0.548009131128664,critica,45.55367245747706,9.431993772368472,12,5,0,0,2,0,1,3,1,0,0
150140000002,Basiano,0.6152804993838508,critica,45.576840973379916,9.471585628626196,7,5,0,0,0,0,2,0,0,0,0
150440000002,Cambiago,0.6643675308146733,critica,45.57201953425855,9.430720074147096,0,0,0,0,0,0,0,0,0,0,0
150440000015,Cambiago,0.6067900504174519,critica,45.56919600386727,9.424142708433715,2,1,0,0,0,0,0,0,1,0,0
151140000012,Inzago,0.5994164620050966,critica,45.52962822818127,9.467824104278371,2,1,0,0,0,0,0,0,1,0,0
151420000022,Melzo,0.5150574158675005,critica,45.502834560461,9.430457503089176,3,0,1,0,0,0,0,0,2,0,0
150590000040,Cassano d'Adda,0.8090312749814579,critica,45.50603974704459,9.530568738041758,7,6,0,0,0,0,0,0,1,0,0
151780000006,Pozzuolo Martesana,0.7249463935793504,critica,45.511716429838366,9.456791078752165,1,1,0,0,0,0,0,0,0,0,0
151140000011,Inzago,0.5891251836182242,critica,45.5260225253557,9.466559006428811,5,2,0,0,0,0,1,1,1,0,0
151060000001,Gessate,0.6955934512145499,critica,45.5564065864136,9.432377261585389,10,5,0,0,2,0,2,0,0,0,1
151770000003,Pozzo d'Adda,0.4420156014164216,critica,45.56102300602304,9.494119094370973,5,3,0,0,0,0,2,0,0,0,0
151780000007,Pozzuolo Martesana,0.6870828006360621,critica,45.516270670110906,9.462345865079271,8,5,1,0,0,0,0,2,0,0,0
151850000007,Rodano,0.43674009471670117,critica,45.4664162204004,9.340695998014848,12,8,0,0,0,0,1,0,3,0,0
150600000011,Cassina de' Pecchi,0.4858170253414794,critica,45.51641602767148,9.391678470080075,0,0,0,0,0,0,0,0,0,0,0
152370000008,Vignate,0.5302259406014886,critica,45.49835395445623,9.38040630724258,3,2,0,0,0,0,0,0,1,0,0
150600000053,Cassina de' Pecchi,0.5289647828182403,critica,45.51341362134145,9.367688948440172,0,0,0,0,0,0,0,0,0,0,0
150600000026,Cassina de' Pecchi,0.5979128848767845,critica,45.51954122554573,9.392182994942681,8,3,0,0,0,0,2,0,3,0,0
151850000006,Rodano,0.4412825714920622,critica,45.465737028815376,9.33772374225011,10,10,0,0,0,0,0,0,0,0,0
151400000038,Melegnano,0.5324077147070623,critica,45.353226274567696,9.32956959317777,3,1,1,0,0,0,0,0,1,0,0
151400000040,Melegnano,0.5436138375270918,critica,45.35223325636939,9.323529838382587,2,2,0,0,0,0,0,0,0,0,0
151750000047,Pioltello,0.4862499170290932,critica,45.485555831812725,9.309638839088834,2,1,0,0,0,0,0,0,1,0,0
152060000023,Senago,0.5181843368243644,critica,45.56903299354807,9.13188360051651,19,13,0,0,0,0,0,0,6,0,0
152050000045,Segrate,0.4315857976895128,critica,45.470477921081944,9.30800706843647,1,0,0,0,0,0,0,0,1,0,0
151300000237,Magenta,0.44316276438859825,critica,45.45360248885801,8.859807438957123,1,0,0,0,1,0,0,0,0,0,0
151570000123,Novate Milanese,0.615191035101744,critica,45.5393831228636,9.133337288134141,0,0,0,0,0,0,0,0,0,0,0
151570000006,Novate Milanese,0.43878478645453056,critica,45.531082582723755,9.13604080159913,10,2,0,0,5,0,2,0,1,0,0
151570000105,Novate Milanese,0.4707264211112618,critica,45.53518783589305,9.13662629419698,0,0,0,0,0,0,0,0,0,0,0
151390000012,Mediglia,0.8052276000196243,critica,45.40007255265976,9.342663839575005,5,3,0,0,0,0,0,0,2,0,0
150600000041,Cassina de' Pecchi,0.4900680217138471,critica,45.525179094510115,9.366296263173162,7,6,1,0,0,0,0,0,0,0,0
151080000023,Gorgonzola,0.511816500099565,critica,45.528702338671636,9.397039008066145,0,0,0,0,0,0,0,0,0,0,0
151080000019,Gorgonzola,0.4442464365799248,critica,45.526978077471576,9.40069941320763,10,8,0,0,0,0,0,1,1,0,0
150400000008,Bussero,0.43169257763912416,critica,45.537918253471965,9.37205135851337,12,7,0,0,0,0,1,0,4,0,0
150400000002,Bussero,0.5571027425131383,critica,45.53605832234982,9.367779233487498,13,6,0,0,2,0,0,0,5,0,0
151080000005,Gorgonzola,0.4329017884198587,critica,45.53552450870852,9.403836851533036,4,2,1,0,0,0,1,0,0,0,0
151080000022,Gorgonzola,0.5843056561627904,critica,45.5287335021517,9.393867779088557,10,6,1,0,2,0,0,0,1,0,0
151080000038,Gorgonzola,0.4306998127021965,critica,45.530757037487774,9.400711630776772,0,0,0,0,0,0,0,0,0,0,0
150400000011,Bussero,0.4353837007621779,critica,45.52665376100907,9.373110758597418,9,6,1,0,0,0,1,0,1,0,0
151080000026,Gorgonzola,0.44484959899800003,critica,45.53206705464911,9.397399301506988,20,15,0,0,2,0,0,0,3,0,0
151080000006,Gorgonzola,0.43644861431370796,critica,45.53598859362947,9.406517205753733,3,3,0,0,0,0,0,0,0,0,0
151080000009,Gorgonzola,0.5368924725907412,critica,45.53718632908008,9.411188186368806,3,2,0,0,0,0,0,0,1,0,0
150600000044,Cassina de' Pecchi,0.44550326544629687,critica,45.52438168091327,9.357526426783064,5,4,0,0,0,0,0,0,1,0,0
150440000008,Cambiago,0.5990701486550055,critica,45.56639187379748,9.399269113658166,12,8,0,0,0,0,2,0,2,0,0
150600000036,Cassina de' Pecchi,0.5092076061955458,critica,45.52499055781311,9.369309120055846,9,8,0,0,0,0,0,0,1,0,0
151720000007,Pessano con Bornago,0.6555884873898651,critica,45.546493857427016,9.383345464384833,7,5,0,0,0,0,0,0,2,0,0
150440000004,Cambiago,0.5206994375294005,critica,45.56957995761824,9.419619986928462,1,1,0,0,0,0,0,0,0,0,0
151080000018,Gorgonzola,0.43745869491814016,critica,45.527815123265796,9.404481819971782,1,1,0,0,0,0,0,0,0,0,0
151720000006,Pessano con Bornago,0.593976456464083,critica,45.549451226735506,9.38185028735491,4,4,0,0,0,0,0,0,0,0,0
151720000009,Pessano con Bornago,0.5011615926950971,critica,45.540596113114745,9.390898319737,3,2,0,1,0,0,0,0,0,0,0
151150000006,Lacchiarella,0.5409327950084701,critica,45.32426431310509,9.145828532055054,0,0,0,0,0,0,0,0,0,0,0
151150000005,Lacchiarella,0.5616885084572606,critica,45.322671179077076,9.14649569765274,1,1,0,0,0,0,0,0,0,0,0
151400000004,Melegnano,0.5054962814604034,critica,45.357380971936486,9.32864048423844,3,1,0,0,1,0,1,0,0,0,0
150770000153,Cinisello Balsamo,0.5946431096630083,critica,45.565183805758004,9.21973185935839,3,2,0,0,0,0,0,0,1,0,0
150770000237,Cinisello Balsamo,0.6167667608446582,critica,45.565780036290185,9.21411214095473,0,0,0,0,0,0,0,0,0,0,0
150770000409,Cinisello Balsamo,0.6226858331866312,critica,45.56164465574193,9.199894741760927,1,1,0,0,0,0,0,0,0,0,0
150770000022,Cinisello Balsamo,0.5716277016048739,critica,45.55884869179514,9.213011306328525,8,2,0,1,1,0,4,0,0,0,0
150770000057,Cinisello Balsamo,0.43281376711004393,critica,45.55904826658667,9.210930406115706,0,0,0,0,0,0,0,0,0,0,0
151300000230,Magenta,0.6202212365118165,critica,45.460643829466854,8.854471641241938,6,3,0,0,0,0,2,0,1,0,0
152360000004,Vernate,0.7248915606322527,critica,45.315880740484744,9.060425592339335,13,10,0,0,0,0,0,0,3,0,0
151150000009,Lacchiarella,0.4896033846358082,critica,45.31175914261897,9.153228175281335,1,1,0,0,0,0,0,0,0,0,0
151390000007,Mediglia,0.6074971068405544,critica,45.39185379728905,9.335139670884843,3,2,0,0,0,0,0,0,1,0,0
151390000002,Mediglia,0.6508930555515473,critica,45.400414383131846,9.32363402233891,4,1,0,0,0,0,1,0,2,0,0
150770000363,Cinisello Balsamo,0.6227868412470744,critica,45.569726751914914,9.212964018758743,3,3,0,0,0,0,0,0,0,0,0
150770000023,Cinisello Balsamo,0.49175052740637276,critica,45.55950936572692,9.214906456287245,2,1,0,0,0,0,1,0,0,0,0
150770000392,Cinisello Balsamo,0.7272782368032968,critica,45.56825240052755,9.205207066985178,0,0,0,0,0,0,0,0,0,0,0
150770000408,Cinisello Balsamo,0.6481312065845712,critica,45.56164817730837,9.204734881210062,0,0,0,0,0,0,0,0,0,0,0
150770000217,Cinisello Balsamo,0.43013128161913033,critica,45.558893050300405,9.206801092061319,1,1,0,0,0,0,0,0,0,0,0
150770000239,Cinisello Balsamo,0.484864663628729,critica,45.56638396739062,9.216575020131517,0,0,0,0,0,0,0,0,0,0,0
150770000141,Cinisello Balsamo,0.593886992181976,critica,45.56163501499284,9.21178397423323,0,0,0,0,0,0,0,0,0,0,0
150770000407,Cinisello Balsamo,0.6306221807928843,critica,45.5602016760331,9.206645526183278,0,0,0,0,0,0,0,0,0,0,0
150770000362,Cinisello Balsamo,0.5080445705281567,critica,45.57024169296323,9.208275790969525,3,3,0,0,0,0,0,0,0,0,0
150770000062,Cinisello Balsamo,0.5696912327889481,critica,45.56189185365551,9.216523063007047,6,5,0,0,0,0,1,0,0,0,0
150770000139,Cinisello Balsamo,0.628414433186054,critica,45.560087779728576,9.210149688560234,0,0,0,0,0,0,0,0,0,0,0
150770000238,Cinisello Balsamo,0.4748475499773453,critica,45.56601497884568,9.215155190780745,0,0,0,0,0,0,0,0,0,0,0
150770000050,Cinisello Balsamo,0.451491600458288,critica,45.55710853907544,9.207221663093735,0,0,0,0,0,0,0,0,0,0,0
150770000149,Cinisello Balsamo,0.4783597445361854,critica,45.56470671603109,9.217534328792617,0,0,0,0,0,0,0,0,0,0,0
151300000035,Magenta,0.43757557567379596,critica,45.462771202188044,8.888215836680594,1,1,0,0,0,0,0,0,0,0,0
151300000168,Magenta,0.49652387974846107,critica,45.47436307591605,8.890082959627554,0,0,0,0,0,0,0,0,0,0,0
151300000006,Magenta,0.5702337903707573,critica,45.466831461338316,8.887841065431589,18,10,0,0,6,0,1,1,0,0,0
151180000029,Legnano,0.5151209066483505,critica,45.604699309137935,8.914361136562894,7,2,0,2,0,0,3,0,0,0,0
151180000035,Legnano,0.5294784809542088,critica,45.601632599308026,8.917936352485949,2,0,0,0,0,0,2,0,0,0,0
151180000041,Legnano,0.538046850424378,critica,45.60036994164828,8.92367206803161,2,2,0,0,0,0,0,0,0,0,0
151570000060,Novate Milanese,0.5011356191938403,critica,45.52994634489647,9.129391837806962,1,0,0,0,0,0,1,0,0,0,0
150770000241,Cinisello Balsamo,0.5330570522384829,critica,45.567007429469676,9.218379711057645,0,0,0,0,0,0,0,0,0,0,0
150770000367,Cinisello Balsamo,0.6831319425004401,critica,45.570834528347326,9.21132794136669,8,6,1,0,0,0,0,0,1,0,0
150770000229,Cinisello Balsamo,0.5884238990842898,critica,45.56249955889083,9.20684278649443,5,5,0,0,0,0,0,0,0,0,0
150770000234,Cinisello Balsamo,0.5272649614582101,critica,45.563397715008826,9.2113436204345,0,0,0,0,0,0,0,0,0,0,0
150770000383,Cinisello Balsamo,0.49676918503810885,critica,45.56720459519539,9.219604425630637,0,0,0,0,0,0,0,0,0,0,0
150770000020,Cinisello Balsamo,0.47458781496477703,critica,45.55792463586349,9.209439268229241,0,0,0,0,0,0,0,0,0,0,0
150770000455,Cinisello Balsamo,0.7342939680872247,critica,45.5658043795379,9.20676223129903,0,0,0,0,0,0,0,0,0,0,0
150770000006,Cinisello Balsamo,0.5779161748536105,critica,45.55725019179458,9.213850699332845,3,2,0,0,0,0,1,0,0,0,0
150770000394,Cinisello Balsamo,0.654740019682142,critica,45.56988542059687,9.206771607213389,0,0,0,0,0,0,0,0,0,0,0
150770000304,Cinisello Balsamo,0.44493184841864664,critica,45.56360381083386,9.204371349338471,0,0,0,0,0,0,0,0,0,0,0
150770000236,Cinisello Balsamo,0.5102927213591644,critica,45.56562387883242,9.213259300804216,0,0,0,0,0,0,0,0,0,0,0
150770000382,Cinisello Balsamo,0.48779101143699843,critica,45.56730828160454,9.20619094364245,1,1,0,0,0,0,0,0,0,0,0
150770000230,Cinisello Balsamo,0.6110699062356604,critica,45.56133959084714,9.209969227101228,0,0,0,0,0,0,0,0,0,0,0
150770000021,Cinisello Balsamo,0.60096332830217,critica,45.5578685405341,9.211570562310882,1,0,0,0,0,0,1,0,0,0,0
150770000368,Cinisello Balsamo,0.5967613929877319,critica,45.572110749706276,9.21068143917197,4,4,0,0,0,0,0,0,0,0,0
150770000005,Cinisello Balsamo,0.6297102223043113,critica,45.556915092911254,9.211983514908605,2,2,0,0,0,0,0,0,0,0,0
150770000310,Cinisello Balsamo,0.7121097120693088,critica,45.56856586463373,9.208323012644392,1,0,0,0,0,0,0,0,1,0,0
151300000073,Magenta,0.5174873812073061,critica,45.46223530339835,8.897221193104325,1,1,0,0,0,0,0,0,0,0,0
151300000036,Magenta,0.49175052740637276,critica,45.46239601458701,8.889714287882272,4,3,0,0,0,0,0,0,1,0,0
151300000011,Magenta,0.5148438559682778,critica,45.46314991262814,8.884990461241935,14,7,0,0,4,0,3,0,0,0,0
151300000037,Magenta,0.47674650151367787,critica,45.46361050104558,8.889937340523774,0,0,0,0,0,0,0,0,0,0,0
151300000025,Magenta,0.46018983743474157,critica,45.4661980403089,8.881669707817403,7,0,0,0,5,0,2,0,0,0,0
151300000041,Magenta,0.5222636194939785,critica,45.46504456653471,8.89272312368147,1,0,0,0,0,0,1,0,0,0,0
151300000040,Magenta,0.5277267125916647,critica,45.464847373962264,8.891766073640921,0,0,0,0,0,0,0,0,0,0,0
151300000304,Magenta,0.5368607272003163,critica,45.45974278448303,8.894878099413669,18,14,1,0,0,0,0,0,3,0,0
151180000073,Legnano,0.634965527391943,critica,45.59501217386396,8.88594975293133,2,2,0,0,0,0,0,0,0,0,0
151180000034,Legnano,0.5453569480558834,critica,45.601545734612884,8.920971474035566,3,1,0,0,0,0,2,0,0,0,0
151180000085,Legnano,0.5820748209992872,critica,45.59732720858592,8.88439499903551,1,0,0,0,1,0,0,0,0,0,0
151180000061,Legnano,0.4331153483190815,critica,45.592579297025296,8.908726627261863,10,3,1,0,0,0,6,0,0,0,0
151180000030,Legnano,0.4842124401527242,critica,45.60647348455318,8.915512351419224,1,0,0,0,0,0,0,1,0,0,0
151180000031,Legnano,0.48735523380480045,critica,45.604106631619345,8.916702493937986,3,2,0,0,0,0,0,0,1,0,0
151570000103,Novate Milanese,0.46245818987783793,critica,45.537769863053846,9.135934755530469,0,0,0,0,0,0,0,0,0,0,0
151570000085,Novate Milanese,0.4974387241816183,critica,45.529300233107755,9.128484939677136,5,3,0,0,0,0,1,0,1,0,0
151570000039,Novate Milanese,0.4678347046380015,critica,45.533175412214405,9.133321765797888,6,2,0,0,3,0,0,0,1,0,0
151570000053,Novate Milanese,0.570600305332937,critica,45.528157091271424,9.13608158488249,23,10,0,0,9,0,2,1,1,0,0
151050000018,Garbagnate Milanese,0.49001030282216523,critica,45.572538278272546,9.088772141374884,10,7,0,0,0,0,2,0,1,0,0
150770000316,Cinisello Balsamo,0.5011500489167607,critica,45.567349615865325,9.214506506147178,0,0,0,0,0,0,0,0,0,0,0
150770000151,Cinisello Balsamo,0.4851619159208904,critica,45.56348694230066,9.217968949016258,4,4,0,0,0,0,0,0,0,0,0
150770000142,Cinisello Balsamo,0.5826173785810965,critica,45.56328186246454,9.214308578981413,2,2,0,0,0,0,0,0,0,0,0
150770000307,Cinisello Balsamo,0.6287174573673836,critica,45.56489615324505,9.209982554108315,4,4,0,0,0,0,0,0,0,0,0
150770000458,Cinisello Balsamo,0.5806982254326754,critica,45.56067939512631,9.199831565097687,0,0,0,0,0,0,0,0,0,0,0
150770000060,Cinisello Balsamo,0.5183849099729587,critica,45.56083159447784,9.21432810752727,0,0,0,0,0,0,0,0,0,0,0
150770000218,Cinisello Balsamo,0.578152822309506,critica,45.5611323118919,9.211962992016426,3,3,0,0,0,0,0,0,0,0,0
150770000143,Cinisello Balsamo,0.5803865434175933,critica,45.56397431252103,9.212760090298811,0,0,0,0,0,0,0,0,0,0,0
150770000306,Cinisello Balsamo,0.5186417590409429,critica,45.564499914432446,9.208306658352978,0,0,0,0,0,0,0,0,0,0,0
150770000364,Cinisello Balsamo,0.5831166469941444,critica,45.568520696307296,9.213859913690513,0,0,0,0,0,0,0,0,0,0,0
150770000370,Cinisello Balsamo,0.7379158285402604,critica,45.57136831022224,9.207678826466381,1,1,0,0,0,0,0,0,0,0,0
150770000311,Cinisello Balsamo,0.4854360806563793,critica,45.5666835450982,9.211390327235724,0,0,0,0,0,0,0,0,0,0,0
150770000235,Cinisello Balsamo,0.580721312989348,critica,45.565379502765005,9.212138414198362,2,1,0,1,0,0,0,0,0,0,0
151300000070,Magenta,0.4370012727015616,critica,45.46251346622653,8.892560672334502,5,2,1,0,0,0,1,0,1,0,0
151300000002,Magenta,0.48284161647528046,critica,45.46467054688521,8.885346168083872,20,7,0,0,8,0,5,0,0,0,0
151300000039,Magenta,0.573890282158802,critica,45.464704766584845,8.890966460103979,1,0,0,0,1,0,0,0,0,0,0
151300000058,Magenta,0.5816679028129301,critica,45.464379508214684,8.880425167765287,5,2,0,0,2,0,0,0,1,0,0
151300000090,Magenta,0.5431751739503098,critica,45.464224472027034,8.878739933547225,6,3,0,0,2,0,1,0,0,0,0
151300000080,Magenta,0.5375360382329939,critica,45.4722014949378,8.889996348089689,0,0,0,0,0,0,0,0,0,0,0
151300000279,Magenta,0.5211525308291031,critica,45.46303724802446,8.876625850320838,1,1,0,0,0,0,0,0,0,0,0
151300000048,Magenta,0.5149708375299777,critica,45.46850552372798,8.890741662658268,0,0,0,0,0,0,0,0,0,0,0
151300000005,Magenta,0.4622504018677834,critica,45.46549619564249,8.88684035817555,7,3,0,0,3,0,1,0,0,0,0
150020000226,Abbiategrasso,0.6421399856279959,critica,45.399279895340996,8.938607136542704,4,2,0,0,0,0,1,0,1,0,0
150020000203,Abbiategrasso,0.48213456005217786,critica,45.40055853379202,8.93444468991425,2,1,0,0,0,0,1,0,0,0,0
151050000031,Garbagnate Milanese,0.4425639308873991,critica,45.56329690636789,9.0735266681466,16,13,0,0,0,0,1,1,1,0,0
151570000108,Novate Milanese,0.49998124136020344,critica,45.53811184454819,9.1391616289918,3,3,0,0,0,0,0,0,0,0,0
151050000019,Garbagnate Milanese,0.44352206448931764,critica,45.56981104121203,9.085254520453345,1,1,0,0,0,0,0,0,0,0,0
150770000308,Cinisello Balsamo,0.7375002525201512,critica,45.566592015475734,9.209020373762218,8,6,0,0,0,0,0,0,2,0,0
150770000365,Cinisello Balsamo,0.6703529798820804,critica,45.56905876035269,9.211151993571459,1,1,0,0,0,0,0,0,0,0,0
150770000233,Cinisello Balsamo,0.6852357961022433,critica,45.56304162001769,9.209374411668753,0,0,0,0,0,0,0,0,0,0,0
150770000219,Cinisello Balsamo,0.4651334605072913,critica,45.55741942895253,9.21011699692007,1,1,0,0,0,0,0,0,0,0,0
152050000050,Segrate,0.6471038103126344,critica,45.47252894783847,9.282795221058535,6,2,0,1,0,0,1,0,2,0,0
150770000049,Cinisello Balsamo,0.48258476740729617,critica,45.557254607930936,9.20780171251208,0,0,0,0,0,0,0,0,0,0,0
150770000216,Cinisello Balsamo,0.5949259322322493,critica,45.559395098393956,9.20871569590219,5,4,0,0,0,0,0,0,1,0,0
150770000502,Cinisello Balsamo,0.5332071213568557,critica,45.56289498482733,9.215906754237235,4,1,1,1,1,0,0,0,0,0,0
150770000437,Cinisello Balsamo,0.5232621563200743,critica,45.56084972743137,9.20712989346013,7,5,0,0,0,0,0,0,2,0,0
150770000058,Cinisello Balsamo,0.5681328227135383,critica,45.56013409467088,9.211619266218474,0,0,0,0,0,0,0,0,0,0,0
150770000305,Cinisello Balsamo,0.44134461930062024,critica,45.56439218461417,9.207747729331743,0,0,0,0,0,0,0,0,0,0,0
150770000393,Cinisello Balsamo,0.714057724663571,critica,45.56955348612766,9.205265704266225,1,1,0,0,0,0,0,0,0,0,0
150770000019,Cinisello Balsamo,0.5600925811022577,critica,45.55666439869016,9.210701098731038,0,0,0,0,0,0,0,0,0,0,0
150770000231,Cinisello Balsamo,0.4995050605038282,critica,45.561866740639985,9.209613835701544,0,0,0,0,0,0,0,0,0,0,0
151300000010,Magenta,0.4940419674061419,critica,45.46279591009375,8.883365729344927,3,2,0,0,0,0,1,0,0,0,0
151300000071,Magenta,0.5529758417578865,critica,45.462673658217696,8.894708730135177,1,1,0,0,0,0,0,0,0,0,0
151300000078,Magenta,0.45336169254877967,critica,45.4710018938543,8.890696163149293,2,2,0,0,0,0,0,0,0,0,0
151300000013,Magenta,0.5339892123391448,critica,45.463317179624006,8.888005372116393,1,1,0,0,0,0,0,0,0,0,0
151300000121,Magenta,0.4372812093262185,critica,45.47334286315175,8.889202556155562,2,1,0,0,0,0,0,0,1,0,0
151300000027,Magenta,0.5660289691117351,critica,45.46261392100523,8.881863856751156,13,5,0,0,5,0,3,0,0,0,0
151300000017,Magenta,0.544589286796515,critica,45.46593682770413,8.888781929996918,4,0,0,0,3,0,1,0,0,0,0
151300000004,Magenta,0.5205060792422664,critica,45.464218550261606,8.887296288060584,1,1,0,0,0,0,0,0,0,0,0
151300000056,Magenta,0.49357444438351894,critica,45.46587407204354,8.878596386944514,16,5,0,0,6,0,4,0,1,0,0
150320000084,Bresso,0.4904749399002041,critica,45.543393437743546,9.194067846785321,0,0,0,0,0,0,0,0,0,0,0
150770000010,Cinisello Balsamo,0.5775669755589353,critica,45.55421744179019,9.217472930160893,0,0,0,0,0,0,0,0,0,0,0
150770000041,Cinisello Balsamo,0.45414089758648457,critica,45.555099176370966,9.208893565778967,1,0,0,0,0,0,1,0,0,0,0
150020000228,Abbiategrasso,0.452276577385161,critica,45.39796014959606,8.939687825230877,0,0,0,0,0,0,0,0,0,0,0
150740000047,Cesano Boscone,0.44154519244921453,critica,45.43848627130921,9.085826731777264,6,3,0,0,0,0,3,0,0,0,0
150550000005,Casarile,0.5105033953138032,critica,45.310708658665284,9.10783053268774,0,0,0,0,0,0,0,0,0,0,0
151390000008,Mediglia,0.490128626550113,critica,45.3919535983536,9.332742912081232,1,0,0,0,0,0,0,0,1,0,0
150820000002,Colturano,0.5183704802500382,critica,45.38174215147918,9.35702718148282,4,0,1,0,0,0,3,0,0,0,0
151950000110,San Giuliano Milanese,0.4321485568834107,critica,45.39720138344102,9.242343145825377,6,6,0,0,0,0,0,0,0,0,0
151390000014,Mediglia,0.586830857673871,critica,45.417063396718554,9.349498623978679,6,3,0,0,0,0,2,0,1,0,0
150740000025,Cesano Boscone,0.4333418949689328,critica,45.44944910522546,9.087682006111207,1,1,0,0,0,0,0,0,0,0,0
150740000028,Cesano Boscone,0.49795963717904684,critica,45.44880132157501,9.084512298387214,5,3,0,0,0,0,1,0,1,0,0
151400000037,Melegnano,0.5741327015038657,critica,45.351472350705436,9.326677294984712,5,5,0,0,0,0,0,0,0,0,0
151390000005,Mediglia,0.7604290822407629,critica,45.39589678497904,9.330152134075249,11,6,1,1,0,0,3,0,0,0,0
151850000008,Rodano,0.5111036717872943,critica,45.456259143758665,9.345906942700495,8,4,0,0,0,0,4,0,0,0,0
150740000033,Cesano Boscone,0.4351759127521233,critica,45.44479380765963,9.088866139668557,3,1,0,0,1,0,1,0,0,0,0
150740000003,Cesano Boscone,0.4786858562741878,critica,45.44525122359862,9.096196330893417,0,0,0,0,0,0,0,0,0,0,0
150740000029,Cesano Boscone,0.4816093181378731,critica,45.447376929799645,9.08608166410685,2,1,0,1,0,0,0,0,0,0,0
152100000005,Settala,0.43937207617739316,critica,45.45468517835636,9.386881344009518,9,5,0,0,0,0,2,1,1,0,0
151390000003,Mediglia,0.7112179551928244,critica,45.402222200719194,9.3262227141487,0,0,0,0,0,0,0,0,0,0,0
151390000004,Mediglia,0.7585618760948553,critica,45.40250967281943,9.328890395344752,3,2,0,0,0,0,0,0,1,0,0
151400000005,Melegnano,0.47714476186628263,critica,45.35915146684183,9.330735888266048,2,0,0,1,0,0,0,1,0,0,0
151390000006,Mediglia,0.7320891064249785,critica,45.39623252748015,9.33399167681848,7,5,0,0,1,0,1,0,0,0,0
150320000082,Bresso,0.4488249876625868,critica,45.54449929248746,9.195237029397658,3,2,0,0,0,0,0,0,1,0,0
151400000006,Melegnano,0.5541475352590279,critica,45.35973830326022,9.328005529220944,5,3,0,0,0,0,1,0,1,0,0
151400000036,Melegnano,0.47090246373089145,critica,45.354146805203094,9.324404133807557,2,1,0,0,0,0,0,0,1,0,0
151400000003,Melegnano,0.5205031932976822,critica,45.35661835896086,9.330956697308743,2,2,0,0,0,0,0,0,0,0,0
151400000035,Melegnano,0.603248996412771,critica,45.35301453736313,9.325482128386922,2,1,0,0,0,0,0,0,1,0,0
150770000418,Cinisello Balsamo,0.47829913969991944,critica,45.55441030292092,9.210051619784121,0,0,0,0,0,0,0,0,0,0,0
150770000121,Cinisello Balsamo,0.5361276972759569,critica,45.5515072091107,9.22434170632472,0,0,0,0,0,0,0,0,0,0,0
150770000410,Cinisello Balsamo,0.47637710060691413,critica,45.55356600350971,9.210348874635686,0,0,0,0,0,0,0,0,0,0,0
150820000001,Colturano,0.440650549628146,critica,45.38069871930659,9.335782334109547,14,8,0,0,0,0,2,0,4,0,0
151590000023,Opera,0.5324221444299826,critica,45.37561596011608,9.21776619896544,2,2,0,0,0,0,0,0,0,0,0
151590000038,Opera,0.5571864349060769,critica,45.37408469252556,9.20529736422748,4,4,0,0,0,0,0,0,0,0,0
151400000034,Melegnano,0.5844961285053405,critica,45.353826943199664,9.327303288732667,0,0,0,0,0,0,0,0,0,0,0
151730000008,Pieve Emanuele,0.4304804809138054,critica,45.37288734821437,9.190509063911877,12,10,0,1,0,0,0,0,1,0,0
151730000009,Pieve Emanuele,0.4376837985956993,critica,45.36888042919311,9.191211347050574,5,4,0,0,0,0,0,1,0,0,0
151730000020,Pieve Emanuele,0.5717546831665739,critica,45.34358155935655,9.193827938186013,0,0,0,0,0,0,0,0,0,0,0
151730000025,Pieve Emanuele,0.5170458316859401,critica,45.3432589956569,9.195959263619892,3,3,0,0,0,0,0,0,0,0,0
150150000013,Basiglio,0.48452412216780616,critica,45.35566966808133,9.17051925448031,0,0,0,0,0,0,0,0,0,0,0
151730000017,Pieve Emanuele,0.5723030126375512,critica,45.34732067148345,9.19612383083168,8,4,0,0,0,0,2,2,0,0,0
151590000018,Opera,0.43990308998086614,critica,45.3806749099664,9.21748257888021,3,3,0,0,0,0,0,0,0,0,0
151590000003,Opera,0.4302496053470781,critica,45.37781955023701,9.214255684388915,1,0,0,0,0,0,1,0,0,0,0
151730000019,Pieve Emanuele,0.556060916518281,critica,45.34454271834627,9.195107580260919,2,2,0,0,0,0,0,0,0,0,0
151730000012,Pieve Emanuele,0.44473704715922047,critica,45.352881949110966,9.205057424198408,13,11,0,0,0,0,1,0,1,0,0
150870000004,Cornaredo,0.5743231738464158,critica,45.505159799157774,9.024130432964611,2,1,0,0,0,0,0,0,1,0,0
151730000018,Pieve Emanuele,0.5784731621583403,critica,45.34621108324004,9.195337102649013,9,4,0,0,1,0,2,1,1,0,0
151730000011,Pieve Emanuele,0.4345496627773753,critica,45.35588594365135,9.202416025762737,9,8,0,0,0,0,1,0,0,0,0
151590000012,Opera,0.6679143567085224,critica,45.39268090356563,9.213473107007825,0,0,0,0,0,0,0,0,0,0,0
150500000006,Carpiano,0.6302210344956956,critica,45.32884847999145,9.273961697917407,0,0,0,0,0,0,0,0,0,0,0
151300000221,Magenta,0.48877223259558966,critica,45.453701221509505,8.8659724982775,8,8,0,0,0,0,0,0,0,0,0
150870000003,Cornaredo,0.5643320336962889,critica,45.504444580336774,9.020496653659784,1,1,0,0,0,0,0,0,0,0,0
150870000009,Cornaredo,0.5227513441286901,critica,45.50280236619646,9.010633702051589,1,0,0,0,0,0,0,0,1,0,0
150870000012,Cornaredo,0.44278037673120596,critica,45.497322676034486,9.031139623923059,6,5,0,0,0,0,0,0,1,0,0
151590000006,Opera,0.5479802716828232,critica,45.377365429956754,9.221777673391092,1,0,0,0,0,0,0,0,1,0,0
151730000021,Pieve Emanuele,0.6808664760019278,critica,45.34160222524611,9.186340976797894,0,0,0,0,0,0,0,0,0,0,0
151730000022,Pieve Emanuele,0.6135777920792365,critica,45.34001658045286,9.188998407333818,3,3,0,0,0,0,0,0,0,0,0
151150000010,Lacchiarella,0.6557183548961494,critica,45.30666193972497,9.165933488724892,1,1,0,0,0,0,0,0,0,0,0
152020000003,San Zenone al Lambro,0.537134891935805,critica,45.312143616142414,9.370739885408842,1,1,0,0,0,0,0,0,0,0,0
151180000022,Legnano,0.43278923658107915,critica,45.59875072662172,8.911077049260134,2,0,0,0,0,0,1,0,1,0,0
150270000047,Bollate,0.5711457488593303,critica,45.54194761106075,9.100575939451572,14,11,0,0,0,0,2,0,1,0,0
150270000043,Bollate,0.560790979691608,critica,45.54706011558156,9.135572564638412,0,0,0,0,0,0,0,0,0,0,0
151570000125,Novate Milanese,0.5059320590926013,critica,45.540292075066475,9.137149612630115,0,0,0,0,0,0,0,0,0,0,0
152060000011,Senago,0.5131483635251235,critica,45.56952541472066,9.11971092533047,3,2,0,0,0,0,0,0,1,0,0
150770000046,Cinisello Balsamo,0.43651354806685,critica,45.55608059253823,9.208336630032592,1,0,0,0,0,0,1,0,0,0,0
151570000002,Novate Milanese,0.5047257342564508,critica,45.53084106330582,9.140671052299446,6,0,0,0,2,0,4,0,0,0,0
150770000109,Cinisello Balsamo,0.5170025425171787,critica,45.55297807073634,9.22265586727682,3,2,0,0,0,0,1,0,0,0,0
150770000003,Cinisello Balsamo,0.5599280822609645,critica,45.55442162089291,9.213089622866427,1,1,0,0,0,0,0,0,0,0,0
150770000004,Cinisello Balsamo,0.6084321528858003,critica,45.55533066682318,9.211624796132266,0,0,0,0,0,0,0,0,0,0,0
150770000018,Cinisello Balsamo,0.4578002753191133,critica,45.5563942956485,9.209380508363537,0,0,0,0,0,0,0,0,0,0,0
150270000046,Bollate,0.7233042911110021,critica,45.547137281895864,9.145935426988077,2,2,0,0,0,0,0,0,0,0,0
150320000087,Bresso,0.5265521331459393,critica,45.54286367458291,9.196139185667022,1,0,0,0,0,0,0,0,1,0,0
150770000012,Cinisello Balsamo,0.5626264404470906,critica,45.55347457501386,9.215581520530783,2,1,0,0,0,0,1,0,0,0,0
150770000002,Cinisello Balsamo,0.6110208451777309,critica,45.55501816024706,9.214852969536828,1,0,0,0,0,0,1,0,0,0,0
150770000009,Cinisello Balsamo,0.4862354873061728,critica,45.555040728677625,9.21842626813985,4,4,0,0,0,0,0,0,0,0,0
150770000184,Cinisello Balsamo,0.49947042916881906,critica,45.55248836811047,9.228342338190753,1,0,0,0,0,0,0,0,1,0,0
150770000122,Cinisello Balsamo,0.5014761606547631,critica,45.55148465591609,9.22268639712678,4,4,0,0,0,0,0,0,0,0,0
151460002737,Milano,0.633586045880747,critica,45.41779341407244,9.241300502942748,8,6,0,0,1,0,1,0,0,0,0
150770000398,Cinisello Balsamo,0.5268493854381009,critica,45.55548172217654,9.216593759349719,5,2,0,0,1,0,1,1,0,0,0
150320000089,Bresso,0.5592325696161982,critica,45.54195343021705,9.195569240078196,4,4,0,0,0,0,0,0,0,0,0
150320000094,Bresso,0.43861595869636105,critica,45.540755487280755,9.1970698206097,0,0,0,0,0,0,0,0,0,0,0
151300000069,Magenta,0.4629026253437882,critica,45.459275196199286,8.890726904500111,1,0,0,0,0,0,0,0,1,0,0
151300000223,Magenta,0.46855907672860864,critica,45.45047475403631,8.86653217542564,0,0,0,0,0,0,0,0,0,0,0
151460003283,Milano,0.5124889251876585,critica,45.43954464870937,9.136768522374043,3,3,0,0,0,0,0,0,0,0,0
151300000220,Magenta,0.5975810012496141,critica,45.453884723198165,8.865932514786376,9,8,0,0,0,0,0,0,1,0,0
151890000149,Rozzano,0.44128545743664627,critica,45.399357754390955,9.159911279113452,0,0,0,0,0,0,0,0,0,0,0
151570000003,Novate Milanese,0.5162521969253147,critica,45.53054902660141,9.139841184554195,0,0,0,0,0,0,0,0,0,0,0
151570000041,Novate Milanese,0.4348368142634925,critica,45.53412749669183,9.134050618464471,9,2,0,0,7,0,0,0,0,0,0
151050000028,Garbagnate Milanese,0.43142129884821945,critica,45.568867497602135,9.070497549236887,6,5,0,0,0,0,1,0,0,0,0
151570000066,Novate Milanese,0.4351484962785745,critica,45.52984373526381,9.13367361048821,0,0,0,0,0,0,0,0,0,0,0
150770000045,Cinisello Balsamo,0.44494339219698303,critica,45.555026280859174,9.206847186981507,0,0,0,0,0,0,0,0,0,0,0
150770000017,Cinisello Balsamo,0.5848655294121042,critica,45.555388109370504,9.209702459021274,3,1,1,0,0,0,0,0,1,0,0
150770000038,Cinisello Balsamo,0.5235218913326426,critica,45.5520574450373,9.213702335967715,1,0,0,0,0,0,1,0,0,0,0
150770000179,Cinisello Balsamo,0.4537080058988707,critica,45.55253299475464,9.23132286565156,0,0,0,0,0,0,0,0,0,0,0
150770000401,Cinisello Balsamo,0.5491923684081419,critica,45.55350330069079,9.21957091432865,0,0,0,0,0,0,0,0,0,0,0
150770000112,Cinisello Balsamo,0.5512875641761927,critica,45.55249548544119,9.224610184620055,0,0,0,0,0,0,0,0,0,0,0
151460004268,Milano,0.49474036599549215,critica,45.47068401873035,9.091248124262817,0,0,0,0,0,0,0,0,0,0,0
151460004442,Milano,0.6414098416482208,critica,45.47858582087877,9.086619084604274,0,0,0,0,0,0,0,0,0,0,0
152060000016,Senago,0.5537406170726709,critica,45.583363097890484,9.12791937751783,6,5,0,1,0,0,0,0,0,0,0
150270000049,Bollate,0.5193921046328069,critica,45.53937955618106,9.098602077101734,5,4,0,0,0,0,1,0,0,0,0
150270000045,Bollate,0.6788232272363905,critica,45.546165759312416,9.142075046669138,5,3,0,1,1,0,0,0,0,0,0
151570000010,Novate Milanese,0.43464057003177425,critica,45.532137795573846,9.138310144056751,6,0,0,0,2,0,4,0,0,0,0
151570000088,Novate Milanese,0.4784318931507877,critica,45.53655771090365,9.131315494898292,2,2,0,0,0,0,0,0,0,0,0
151570000058,Novate Milanese,0.49903176559203716,critica,45.52896418134456,9.126202611382114,2,1,0,0,0,0,0,0,1,0,0
151050000029,Garbagnate Milanese,0.5243674730957816,critica,45.56713484953617,9.069980187842251,10,8,0,0,0,0,1,0,1,0,0
152060000014,Senago,0.6615075597318381,critica,45.57504609023568,9.10421692178639,13,11,0,0,1,0,1,0,0,0,0
151050000026,Garbagnate Milanese,0.4321196974375697,critica,45.56913644388024,9.077084726211103,8,6,0,0,0,0,0,0,2,0,0
151570000109,Novate Milanese,0.5044659992438825,critica,45.536906838112664,9.139552511977557,0,0,0,0,0,0,0,0,0,0,0
151460002738,Milano,0.694095645975406,critica,45.41592604858434,9.241359150886513,2,2,0,0,0,0,0,0,0,0,0
151570000008,Novate Milanese,0.4782673943094945,critica,45.53282247494063,9.135880755873433,8,1,1,0,2,0,3,0,1,0,0
151570000005,Novate Milanese,0.4905211150135495,critica,45.53035205947439,9.137644395520143,7,0,0,0,6,0,1,0,0,0,0
151570000082,Novate Milanese,0.5241567991411429,critica,45.531702637667564,9.132278101262544,3,2,0,0,0,0,0,0,1,0,0
151460002739,Milano,0.7105830473843242,critica,45.41596102211048,9.239780379362385,6,4,0,0,0,0,2,0,0,0,0
151570000126,Novate Milanese,0.4832889378858147,critica,45.53953381093594,9.136743910308516,1,0,0,0,0,0,1,0,0,0,0
151050000023,Garbagnate Milanese,0.43640821108953065,critica,45.56583491753211,9.082691874860444,11,11,0,0,0,0,0,0,0,0,0
150770000033,Cinisello Balsamo,0.5502457381813355,critica,45.552952455901234,9.219679129175075,1,1,0,0,0,0,0,0,0,0,0
150770000036,Cinisello Balsamo,0.6067813925836996,critica,45.55235253797013,9.215895123785995,1,0,0,0,0,0,1,0,0,0,0
150770000015,Cinisello Balsamo,0.5004603081611627,critica,45.552809494719234,9.211854098859275,1,0,0,0,0,0,1,0,0,0,0
150770000124,Cinisello Balsamo,0.4567469055459197,critica,45.550666799714485,9.218642431470608,3,1,0,0,0,0,1,0,1,0,0
150770000016,Cinisello Balsamo,0.4418525455474204,critica,45.55379515727047,9.211462040350979,0,0,0,0,0,0,0,0,0,0,0
150770000011,Cinisello Balsamo,0.5966979022068819,critica,45.553184986789965,9.217627164356234,0,0,0,0,0,0,0,0,0,0,0
150770000035,Cinisello Balsamo,0.4762530049897981,critica,45.55215941415755,9.2178759261671,0,0,0,0,0,0,0,0,0,0,0
151570000032,Novate Milanese,0.5340353874524901,critica,45.5283130330114,9.138907046780183,2,0,0,0,1,0,1,0,0,0,0
151570000101,Novate Milanese,0.5183531645825337,critica,45.53693620392594,9.13516687669548,0,0,0,0,0,0,0,0,0,0,0
151570000124,Novate Milanese,0.6372742830592166,critica,45.53937075353486,9.134826865264866,2,2,0,0,0,0,0,0,0,0,0
151570000120,Novate Milanese,0.49198717486226834,critica,45.53808234207158,9.131362810212577,4,1,0,1,0,0,1,1,0,0,0
151570000092,Novate Milanese,0.5182463846329223,critica,45.5361423991147,9.133672667162541,3,0,0,0,2,0,0,0,1,0,0
151570000065,Novate Milanese,0.5179722198974335,critica,45.53059657144289,9.13363186372667,1,1,0,0,0,0,0,0,0,0,0
151570000119,Novate Milanese,0.5375389241775779,critica,45.53891583634822,9.131392515110967,0,0,0,0,0,0,0,0,0,0,0
151570000118,Novate Milanese,0.4834880680621171,critica,45.53796973549177,9.12979645421381,3,2,0,0,0,0,0,0,1,0,0
151050000014,Garbagnate Milanese,0.5350223805002496,critica,45.5735883924766,9.07688028894688,1,0,0,0,0,0,1,0,0,0,0
151460003040,Milano,0.659282496457503,critica,45.40267760270897,9.180615642341197,2,2,0,0,0,0,0,0,0,0,0
151460005630,Milano,0.46565870242159607,critica,45.5155726753383,9.155411857551652,0,0,0,0,0,0,0,0,0,0,0
151460004250,Milano,0.49878068841322104,critica,45.451494905459725,9.067007846771357,0,0,0,0,0,0,0,0,0,0,0
151460003285,Milano,0.5034039716369366,critica,45.43922728183859,9.138881194067201,1,1,0,0,0,0,0,0,0,0,0
150700000027,Cernusco sul Naviglio,0.607702008906025,critica,45.52025168272499,9.331893095436499,8,1,0,0,1,0,4,0,2,0,0
150700000046,Cernusco sul Naviglio,0.45441794826655735,critica,45.519315378991436,9.329655916134273,0,0,0,0,0,0,0,0,0,0,0
150700000028,Cernusco sul Naviglio,0.5586611525885479,critica,45.52103638775837,9.328800515794038,1,1,0,0,0,0,0,0,0,0,0
151460001275,Milano,0.4954647380860992,critica,45.513077833636686,9.256686690132986,2,0,0,0,2,0,0,0,0,0,0
151460003065,Milano,0.46407143290034547,critica,45.40318849620185,9.167835182937546,1,1,0,0,0,0,0,0,0,0,0
151460003060,Milano,0.5452328524387675,critica,45.40355248660837,9.1727159308717,4,1,0,0,0,0,2,0,1,0,0
151460003067,Milano,0.4449289624740626,critica,45.40631430198013,9.168854660534615,0,0,0,0,0,0,0,0,0,0,0
150620000018,Castano Primo,0.4382162553714643,critica,45.55568383577485,8.786867859812448,0,0,0,0,0,0,0,0,0,0,0
151830000004,Robecchetto con Induno,0.7553527057173448,critica,45.521584921616366,8.776442369800943,1,1,0,0,0,0,0,0,0,0,0
150700000030,Cernusco sul Naviglio,0.6329684537397513,critica,45.5228675804802,9.315546720483365,19,13,0,0,0,0,2,4,0,0,0
151460005189,Milano,0.4401440663536379,critica,45.52057214480988,9.13150186495684,0,0,0,0,0,0,0,0,0,0,0
151460006047,Milano,0.4392854978398705,critica,45.52234804708768,9.19407760040795,3,2,0,0,0,0,0,0,1,0,0
152060000015,Senago,0.46692563209401255,critica,45.583163833080384,9.1208931149947,4,4,0,0,0,0,0,0,0,0,0
151050000021,Garbagnate Milanese,0.4435682396026631,critica,45.57116817950365,9.080234073108192,16,14,0,0,0,0,0,0,2,0,0
150270000044,Bollate,0.7092237674852166,critica,45.54781436166539,9.139986900507305,4,4,0,0,0,0,0,0,0,0,0
151460003057,Milano,0.4293506336091334,critica,45.40619732525715,9.171484876429792,2,2,0,0,0,0,0,0,0,0,0
151460003222,Milano,0.5041196858937915,critica,45.426156329088826,9.154782131876473,0,0,0,0,0,0,0,0,0,0,0
151400000033,Melegnano,0.44368656333061085,critica,45.355715114157015,9.326502865791433,16,9,0,0,0,0,6,0,1,0,0
151390000001,Mediglia,0.726435540984742,critica,45.4029083162572,9.3230232559018,1,0,0,1,0,0,0,0,0,0,0
151460004777,Milano,0.48317927199161925,critica,45.49977594888101,9.151686492017799,5,4,0,0,0,0,1,0,0,0,0
151460005063,Milano,0.4354529634321962,critica,45.49380843677462,9.098268791692096,0,0,0,0,0,0,0,0,0,0,0
151460005194,Milano,0.4496301662015486,critica,45.520401760064516,9.134566872846069,1,1,0,0,0,0,0,0,0,0,0
151460004232,Milano,0.43432600207210814,critica,45.45289849729372,9.070601655454668,0,0,0,0,0,0,0,0,0,0,0
151460006078,Milano,0.557593353092434,critica,45.45138166873933,9.0690933732028,0,0,0,0,0,0,0,0,0,0,0
151460004233,Milano,0.5380555082581304,critica,45.4525052919934,9.069502830219019,0,0,0,0,0,0,0,0,0,0,0
151460005187,Milano,0.48766402987529833,critica,45.521644589499914,9.134003947310077,0,0,0,0,0,0,0,0,0,0,0
151460004774,Milano,0.48573188997624867,critica,45.49948279959589,9.150009268086382,5,4,0,0,0,0,1,0,0,0,0
151460003208,Milano,0.4607381669057191,critica,45.429929691589,9.15124469457193,2,2,0,0,0,0,0,0,0,0,0
151660000226,Paderno Dugnano,0.44119743612683143,critica,45.567961382210626,9.143410402202981,1,0,0,0,0,0,0,0,1,0,0
151660000210,Paderno Dugnano,0.5751341242745457,critica,45.56239837002113,9.152081474007316,2,2,0,0,0,0,0,0,0,0,0
151660000007,Paderno Dugnano,0.6510864138386814,critica,45.57022576062968,9.164983063979202,3,0,0,0,0,0,3,0,0,0,0
151660000020,Paderno Dugnano,0.5317670350093937,critica,45.56862467061948,9.161647169334099,0,0,0,0,0,0,0,0,0,0,0
151660000087,Paderno Dugnano,0.5872897228627416,critica,45.56115386935507,9.162753058876715,0,0,0,0,0,0,0,0,0,0,0
151660000295,Paderno Dugnano,0.530302418132967,critica,45.57186728721021,9.19334539414302,2,0,0,0,0,0,2,0,0,0,0
151660000296,Paderno Dugnano,0.606038261853296,critica,45.573298291230785,9.194245043651827,0,0,0,0,0,0,0,0,0,0,0
151660000293,Paderno Dugnano,0.6780267065311811,critica,45.57045897090247,9.193461004236024,6,5,1,0,0,0,0,0,0,0,0
151660000294,Paderno Dugnano,0.5937859841215329,critica,45.57073551013534,9.189450515331272,0,0,0,0,0,0,0,0,0,0,0
151460003062,Milano,0.5195681472524365,critica,45.402956018036264,9.169331507403825,2,1,0,0,0,0,0,0,1,0,0
151460003113,Milano,0.4773034888184077,critica,45.41394993379769,9.163776624644747,0,0,0,0,0,0,0,0,0,0,0
151460003059,Milano,0.4899843293209084,critica,45.40478037127016,9.170978107715863,0,0,0,0,0,0,0,0,0,0,0
151460004771,Milano,0.4329854808127974,critica,45.500055587222,9.14850192448268,3,1,0,0,0,0,2,0,0,0,0
151460006077,Milano,0.5698211002952321,critica,45.452124399642166,9.067826718446826,1,0,0,0,0,0,0,0,1,0,0
151460003290,Milano,0.44293188882187084,critica,45.440960551397886,9.138175884408657,0,0,0,0,0,0,0,0,0,0,0
151710000120,Peschiera Borromeo,0.5144513675048412,critica,45.43619838346386,9.31513693324185,1,1,0,0,0,0,0,0,0,0,0
151460001258,Milano,0.4384976349684133,critica,45.5169968231893,9.246673224216558,3,0,0,0,0,0,2,1,0,0,0
151460003227,Milano,0.4741376076096587,critica,45.425946921466156,9.153680763018368,0,0,0,0,0,0,0,0,0,0,0
151660000082,Paderno Dugnano,0.5620607953086085,critica,45.56649806969928,9.15898889968302,2,0,0,0,0,0,2,0,0,0,0
151660000008,Paderno Dugnano,0.6039069917779439,critica,45.57030193396195,9.167032699289129,7,6,0,0,0,0,1,0,0,0,0
151660000114,Paderno Dugnano,0.6396609592302609,critica,45.55968707005862,9.160689188746291,5,4,1,0,0,0,0,0,0,0,0
151660000060,Paderno Dugnano,0.4801230566770657,critica,45.57642935909875,9.167404045737477,3,3,0,0,0,0,0,0,0,0,0
151660000014,Paderno Dugnano,0.5229793337508333,critica,45.57158501282831,9.169034016853036,4,2,0,0,0,0,0,0,2,0,0
151660000044,Paderno Dugnano,0.5136202154646227,critica,45.56656608795302,9.161065454157683,2,0,0,0,0,0,2,0,0,0,0
151820000322,Rho,0.48297148398156464,critica,45.53648301494849,9.053280032674342,4,4,0,0,0,0,0,0,0,0,0
151820000201,Rho,0.4419521106355715,critica,45.53492225097107,9.056661248168288,10,9,0,0,0,0,0,1,0,0,0
151660000201,Paderno Dugnano,0.5870126721826687,critica,45.57321936588962,9.148202075728639,1,1,0,0,0,0,0,0,0,0,0
151660000004,Paderno Dugnano,0.53697616498368,critica,45.56859561376501,9.163344123094179,7,4,1,0,0,0,2,0,0,0,0
151660000064,Paderno Dugnano,0.4955253429223652,critica,45.57848625759763,9.167447576676667,1,1,0,0,0,0,0,0,0,0,0
151660000053,Paderno Dugnano,0.5903430522327111,critica,45.57336446253158,9.16624837177631,2,2,0,0,0,0,0,0,0,0,0
151660000001,Paderno Dugnano,0.557596239037018,critica,45.56883561562325,9.165839686226844,5,1,0,0,1,0,3,0,0,0,0
151660000129,Paderno Dugnano,0.5623061005982564,critica,45.57270610994952,9.152897658467083,2,1,0,0,0,0,0,0,1,0,0
151660000080,Paderno Dugnano,0.6511787640653723,critica,45.567936952363205,9.158549311433605,1,0,0,0,1,0,0,0,0,0,0
151660000184,Paderno Dugnano,0.49678361476102934,critica,45.582538918868195,9.164851928489048,0,0,0,0,0,0,0,0,0,0,0
151660000346,Paderno Dugnano,0.43534762645487685,critica,45.571558191454656,9.145829481510024,0,0,0,0,0,0,0,0,0,0,0
151460004776,Milano,0.4330864888732407,critica,45.49977312044017,9.150705806832127,9,7,0,0,1,0,1,0,0,0,0
151460002844,Milano,0.5408895058397089,critica,45.40063920339916,9.202847966319387,0,0,0,0,0,0,0,0,0,0,0
151460002843,Milano,0.5670217340486629,critica,45.40332373825087,9.20405608454968,0,0,0,0,0,0,0,0,0,0,0
151460002842,Milano,0.741696415945421,critica,45.39642212270903,9.206622760661793,4,2,0,1,0,0,1,0,0,0,0
151460002824,Milano,0.4906221230739927,critica,45.42563312599536,9.211402261017945,0,0,0,0,0,0,0,0,0,0,0
151460002825,Milano,0.43160888524618546,critica,45.42546689990821,9.209543073616251,3,1,0,0,0,0,0,0,2,0,0
151460002845,Milano,0.6134825559079615,critica,45.40149231238018,9.207416346479482,1,0,0,0,0,0,0,0,1,0,0
151460003112,Milano,0.5380035612556168,critica,45.415669356806,9.165861864053461,1,1,0,0,0,0,0,0,0,0,0
151460003064,Milano,0.5200212405521389,critica,45.403748783985684,9.17041049912047,1,1,0,0,0,0,0,0,0,0,0
151460003223,Milano,0.5400670116332427,critica,45.42766202725796,9.153778463699728,1,1,0,0,0,0,0,0,0,0,0
151460003066,Milano,0.5314062919363822,critica,45.40542820778286,9.168962170436384,1,1,0,0,0,0,0,0,0,0,0
151460003229,Milano,0.4501178908362602,critica,45.42523708563583,9.155534093200158,0,0,0,0,0,0,0,0,0,0,0
151460003063,Milano,0.470074197635257,critica,45.40371393222701,9.17118719106908,0,0,0,0,0,0,0,0,0,0,0
151460003068,Milano,0.44047017809164024,critica,45.40688031161798,9.168993116966968,1,1,0,0,0,0,0,0,0,0,0
150700000050,Cernusco sul Naviglio,0.519242035514434,critica,45.518680684867185,9.324731048444606,0,0,0,0,0,0,0,0,0,0,0
150700000029,Cernusco sul Naviglio,0.5569093842260041,critica,45.52005233545006,9.324474819319644,0,0,0,0,0,0,0,0,0,0,0
150700000011,Cernusco sul Naviglio,0.6200740533380278,critica,45.52218591083109,9.325789718083339,1,1,0,0,0,0,0,0,0,0,0
152050000042,Segrate,0.5195739191416047,critica,45.496594840670056,9.298525464507296,4,3,0,0,0,0,1,0,0,0,0
151460003249,Milano,0.4417111342627999,critica,45.43008855031347,9.14879589825101,1,1,0,0,0,0,0,0,0,0,0
151660000220,Paderno Dugnano,0.4672142265524217,critica,45.56179452286077,9.150367164387387,0,0,0,0,0,0,0,0,0,0,0
151660000286,Paderno Dugnano,0.4354082312911427,critica,45.566190336070775,9.181186948663939,5,4,0,0,0,0,0,0,1,0,0
151660000015,Paderno Dugnano,0.541740859492016,critica,45.571738737709104,9.166309619552962,1,0,0,0,0,0,0,0,1,0,0
151660000117,Paderno Dugnano,0.5474290562672615,critica,45.56168656178411,9.158973269040244,0,0,0,0,0,0,0,0,0,0,0
151660000027,Paderno Dugnano,0.5031586663472889,critica,45.56626014042327,9.172418297923514,2,2,0,0,0,0,0,0,0,0,0
151660000024,Paderno Dugnano,0.523501689720554,critica,45.565284149058144,9.165093229396506,4,4,0,0,0,0,0,0,0,0,0
151660000200,Paderno Dugnano,0.5614085718326036,critica,45.575778294782666,9.147900105358326,10,8,0,1,0,0,0,1,0,0,0
151660000116,Paderno Dugnano,0.4314948904351139,critica,45.56120366793908,9.157395360174707,0,0,0,0,0,0,0,0,0,0,0
151660000121,Paderno Dugnano,0.5166360275549988,critica,45.56563867704961,9.15597922132969,2,2,0,0,0,0,0,0,0,0,0
151660000375,Paderno Dugnano,0.49319061375383466,critica,45.56903476470375,9.14259572891818,1,0,0,0,0,0,0,0,1,0,0
151890000102,Rozzano,0.4561379712386763,critica,45.379103843376456,9.180271117936785,2,2,0,0,0,0,0,0,0,0,0
151710000109,Peschiera Borromeo,0.43868233542179524,critica,45.42572749998449,9.296452756837473,4,3,0,0,0,0,0,0,1,0,0
151950000107,San Giuliano Milanese,0.4395740922982797,critica,45.38784847901842,9.300589501018974,8,6,0,0,0,0,0,0,2,0,0
151460003226,Milano,0.506113873601399,critica,45.42706454329105,9.151984822256928,0,0,0,0,0,0,0,0,0,0,0
151950000090,San Giuliano Milanese,0.44194056685723515,critica,45.385276039439624,9.304817674972833,1,0,0,0,0,0,0,0,1,0,0
151710000020,Peschiera Borromeo,0.43390032524595457,critica,45.42566564817259,9.292641193056319,4,1,0,1,0,0,0,0,2,0,0
151460001266,Milano,0.5317526052864733,critica,45.513872717166635,9.251974147763184,0,0,0,0,0,0,0,0,0,0,0
151660000025,Paderno Dugnano,0.4927115469528754,critica,45.5654260668722,9.166991701830865,1,0,0,0,0,0,1,0,0,0,0
151660000113,Paderno Dugnano,0.5858034614019341,critica,45.56037422140718,9.16103788382272,1,1,0,0,0,0,0,0,0,0,0
151660000079,Paderno Dugnano,0.7118644067796609,critica,45.56907447893337,9.15659871138759,3,3,0,0,0,0,0,0,0,0,0
151660000081,Paderno Dugnano,0.6311618524301097,critica,45.56762472795067,9.157057597260438,0,0,0,0,0,0,0,0,0,0,0
151660000055,Paderno Dugnano,0.5233545065467653,critica,45.57364472191051,9.168558642842886,2,2,0,0,0,0,0,0,0,0,0
151660000115,Paderno Dugnano,0.4762356893222936,critica,45.559650187209655,9.158896614342487,0,0,0,0,0,0,0,0,0,0,0
151660000289,Paderno Dugnano,0.473895188264595,critica,45.56724248096442,9.184360089212877,6,5,0,0,0,0,0,0,1,0,0
151660000021,Paderno Dugnano,0.5060013217626196,critica,45.567534483924845,9.16148151565761,2,1,0,0,0,0,1,0,0,0,0
151660000028,Paderno Dugnano,0.5427018790385187,critica,45.5668706938109,9.174498562906948,0,0,0,0,0,0,0,0,0,0,0
151660000159,Paderno Dugnano,0.45716248156602896,critica,45.582995568601,9.146817626300313,5,2,1,0,0,0,1,1,0,0,0
151460001265,Milano,0.5478965792898844,critica,45.51528415739214,9.252809525768614,0,0,0,0,0,0,0,0,0,0,0
150850000055,Corbetta,0.5059753482613627,critica,45.46240764605653,8.924524052139478,2,2,0,0,0,0,0,0,0,0,0
150990000014,Dairago,0.6212486327837533,critica,45.573848957813844,8.86585626148526,0,0,0,0,0,0,0,0,0,0,0
152370000031,Vignate,0.49587742816162445,critica,45.49790029188044,9.383650949471974,1,1,0,0,0,0,0,0,0,0,0
152370000030,Vignate,0.46866297073363594,critica,45.493998786013805,9.383082868009714,1,1,0,0,0,0,0,0,0,0,0
150990000016,Dairago,0.4954820537536039,critica,45.56384994669396,8.868934634051376,1,1,0,0,0,0,0,0,0,0,0
150990000018,Dairago,0.7297543772564479,critica,45.56769453027374,8.856609027469299,0,0,0,0,0,0,0,0,0,0,0
150990000017,Dairago,0.6483678540404667,critica,45.57027221614708,8.857269692630364,1,1,0,0,0,0,0,0,0,0,0
150120000115,Bareggio,0.47784316045563296,critica,45.500904065905395,8.992193026279372,3,2,0,0,0,0,0,0,1,0,0
151580000063,Noviglio,0.49559171964779936,critica,45.33968139219634,9.082808487424574,1,0,0,0,0,0,0,0,1,0,0
151950000118,San Giuliano Milanese,0.5056146051883512,critica,45.39606051554613,9.239212340828455,5,5,0,0,0,0,0,0,0,0,0
151030000151,Gaggiano,0.525351580198957,critica,45.41015247958574,9.056233255433737,0,0,0,0,0,0,0,0,0,0,0
152110000153,Settimo Milanese,0.5538243094656097,critica,45.47366494907673,9.068762931281698,1,1,0,0,0,0,0,0,0,0,0
150860000049,Cormano,0.5457003754613904,critica,45.54437952897366,9.152695915704872,0,0,0,0,0,0,0,0,0,0,0
151840000047,Robecco sul Naviglio,0.5546323739491554,critica,45.42052037970359,8.883906402049005,0,0,0,0,0,0,0,0,0,0,0
151460004978,Milano,0.45773678453826333,critica,45.48594208518144,9.12602215449892,0,0,0,0,0,0,0,0,0,0,0
151460004130,Milano,0.4782010175840603,critica,45.47088301675851,9.137918187628582,0,0,0,0,0,0,0,0,0,0,0
151750000113,Pioltello,0.4351816846412915,critica,45.471289761114626,9.316175706459905,8,8,0,0,0,0,0,0,0,0,0
151080000045,Gorgonzola,0.5180357106782836,critica,45.527672405105434,9.387412681877104,4,1,0,0,0,0,0,1,2,0,0
151060000025,Gessate,0.6240682006424112,critica,45.557784832238305,9.438540374808072,0,0,0,0,0,0,0,0,0,0,0
150440000018,Cambiago,0.6515799103625612,critica,45.56921730997372,9.426766393037234,9,8,0,0,0,0,0,0,1,0,0
150140000012,Basiano,0.5071961028204337,critica,45.579314638849674,9.473704348538172,3,3,0,0,0,0,0,0,0,0,0
151720000033,Pessano con Bornago,0.6917868903081323,critica,45.55016606749475,9.373259251890987,1,1,0,0,0,0,0,0,0,0,0
150590000086,Cassano d'Adda,0.5489845803980872,critica,45.52117955495658,9.508381969827763,1,1,0,0,0,0,0,0,0,0,0
150700000001,Cernusco sul Naviglio,0.6527256303624458,critica,45.52421150902849,9.3314475514053,13,0,1,0,7,0,5,0,0,0,0
150700000026,Cernusco sul Naviglio,0.624781028954682,critica,45.52547679898723,9.341543749069308,6,5,0,0,0,0,0,0,1,0,0
150700000005,Cernusco sul Naviglio,0.6709676860784919,critica,45.52640277354929,9.330020215808965,18,3,1,0,8,0,3,1,1,0,1
151460004037,Milano,0.4297402361279859,critica,45.46959013018055,9.120369232260485,0,0,0,0,0,0,0,0,0,0,0
151460004133,Milano,0.4412407252955929,critica,45.46836239327939,9.137984619474423,0,0,0,0,0,0,0,0,0,0,0
151060000027,Gessate,0.4552260127501032,critica,45.55468406231478,9.438147736567867,3,3,0,0,0,0,0,0,0,0,0
151060000028,Gessate,0.49158025667591126,critica,45.55215485833688,9.437354462253886,0,0,0,0,0,0,0,0,0,0,0
151060000024,Gessate,0.7259449304054464,critica,45.558122635713985,9.429429576662468,2,1,0,0,0,0,0,0,1,0,0
151590000044,Opera,0.4735806203049289,critica,45.38067619939512,9.219449626467517,2,2,0,0,0,0,0,0,0,0,0
151590000046,Opera,0.5656105071470419,critica,45.37480071169136,9.204076265675418,2,2,0,0,0,0,0,0,0,0,0
151590000045,Opera,0.44295353340625154,critica,45.38247988621941,9.215751681207289,1,1,0,0,0,0,0,0,0,0,0
151710000159,Peschiera Borromeo,0.6259556084004074,critica,45.444110218344285,9.335467977739754,0,0,0,0,0,0,0,0,0,0,0
150500000014,Carpiano,0.5143676751119025,critica,45.34088407980623,9.25534260749552,0,0,0,0,0,0,0,0,0,0,0
151920000020,San Donato Milanese,0.43582236433895993,critica,45.42672800043775,9.258652475545855,10,10,0,0,0,0,0,0,0,0,0
151460000116,Milano,-0.1367995451751336,controprova,45.47105238164973,9.184727892324096,5,0,0,0,0,0,5,0,0,0,0
151180000017,Legnano,0.23564891906945606,controprova,45.5950490527813,8.915070302234414,15,9,0,0,3,0,3,0,0,0,0
150020000295,Abbiategrasso,0.3598556450519037,controprova,45.409819333277305,8.90715204332403,1,0,0,1,0,0,0,0,0,0,0
150860000013,Cormano,0.27570871584123846,controprova,45.54050611020414,9.15905429750075,2,0,0,0,0,0,2,0,0,0,0
151820000111,Rho,-0.027331338183644194,controprova,45.5290448064856,9.048041497449612,2,2,0,0,0,0,0,0,0,0,0
151730000013,Pieve Emanuele,0.41194117290559784,controprova,45.35117870875188,9.199686959434901,14,12,0,0,0,0,1,0,1,0,0
151540000001,Nerviano,0.10795885797400917,controprova,45.55527525787205,8.976535416336539,3,2,0,0,1,0,0,0,0,0,0
150980000024,Cusano Milanino,-0.01989425899043884,controprova,45.55661045964283,9.189589687499366,14,7,0,1,1,1,1,2,1,0,0
151310000001,Magnago,0.3370278233917352,controprova,45.58575702549064,8.802252531490405,1,0,0,0,0,0,0,0,1,0,0
150720000007,Cerro Maggiore,0.40649250953083194,controprova,45.59448187189158,8.950594543894,11,8,1,0,0,0,1,0,1,0,0
152090000083,Sesto San Giovanni,-0.02422461883886906,controprova,45.53419587459984,9.226139289837155,0,0,0,0,0,0,0,0,0,0,0
151160000131,Lainate,0.16247579413980096,controprova,45.56840803906091,9.028072908517755,1,1,0,0,0,0,0,0,0,0,0
151750000032,Pioltello,0.043022218887352914,controprova,45.50572636469497,9.33559151868291,0,0,0,0,0,0,0,0,0,0,0
151880000002,Rosate,0.04875947672052805,controprova,45.34974461423899,9.020996050392627,30,21,0,0,3,0,2,0,4,0,0
151950000061,San Giuliano Milanese,0.26226887191312154,controprova,45.4015872598768,9.278905267692343,2,2,0,0,0,0,0,0,0,0,0
152190000003,Trezzano Rosa,0.203935274034868,controprova,45.58497980374171,9.489541078023828,2,2,0,0,0,0,0,0,0,0,0
151890000129,Rozzano,0.10413353842779516,controprova,45.39521000345972,9.170112138109484,0,0,0,0,0,0,0,0,0,0,0
150740000017,Cesano Boscone,0.1999411267304846,controprova,45.442582386411644,9.102102864804538,6,4,1,1,0,0,0,0,0,0,0
150190000004,Bernate Ticino,0.355728744296652,controprova,45.47825186233995,8.822764878007723,0,0,0,0,0,0,0,0,0,0,0
151400000011,Melegnano,0.40320830459413515,controprova,45.36448050433187,9.327054417212956,13,8,1,0,0,0,2,0,1,1,0
151920000049,San Donato Milanese,0.3464764059600527,controprova,45.40300028952601,9.230614769324218,2,2,0,0,0,0,0,0,0,0,0
151570000080,Novate Milanese,0.42296548121682964,controprova,45.53294437101222,9.12819768279335,2,1,0,0,0,0,1,0,0,0,0
150140000003,Basiano,0.30289142787880197,controprova,45.573597004256804,9.465213953760857,1,0,0,0,0,0,1,0,0,0,0
152470000024,Zibido San Giacomo,0.07888008034469718,controprova,45.36666860470481,9.11193201025116,9,7,0,0,1,0,0,0,1,0,0
151660000146,Paderno Dugnano,0.1806024120724834,controprova,45.58010037492514,9.156272058742024,1,1,0,0,0,0,0,0,0,0,0
150270000013,Bollate,0.3032204255613884,controprova,45.54884664040694,9.104978456790178,9,8,0,0,0,0,1,0,0,0,0
151030000028,Gaggiano,0.33790515054529924,controprova,45.403034794641826,9.036915360171143,0,0,0,0,0,0,0,0,0,0,0
152060000021,Senago,0.30059710193444866,controprova,45.57857368502296,9.137478239250333,10,8,1,0,0,0,0,0,1,0,0
150090000071,Arese,0.11344936754524437,controprova,45.55387761241921,9.071588342231609,4,4,0,0,0,0,0,0,0,0,0
152300000005,Vaprio d'Adda,0.0995376716776285,controprova,45.57936357038357,9.525055105911319,4,4,0,0,0,0,0,0,0,0,0
150070000010,Arconate,0.3627617912480844,controprova,45.53645555910993,8.840684828135906,0,0,0,0,0,0,0,0,0,0,0
152010000006,San Vittore Olona,0.30327237256390205,controprova,45.58117641882023,8.944064964989497,0,0,0,0,0,0,0,0,0,0,0
151710000012,Peschiera Borromeo,0.010328795666465607,controprova,45.42805950564556,9.30884025470721,5,4,0,0,0,0,1,0,0,0,0
150110000018,Assago,0.02022469964531748,controprova,45.401701274046566,9.134659754902888,0,0,0,0,0,0,0,0,0,0,0
150160000003,Bellinzago Lombardo,-0.015109362870014076,controprova,45.542513475846604,9.44359923064901,1,0,0,0,0,0,0,0,1,0,0
150810000230,Cologno Monzese,0.2695789695446269,controprova,45.524833718871655,9.292476979578625,1,1,0,0,0,0,0,0,0,0,0
150320000100,Bresso,0.2105585168553593,controprova,45.53422774818232,9.19751223180913,1,1,0,0,0,0,0,0,0,0,0
150870000008,Cornaredo,0.26525582455765684,controprova,45.49942366638985,9.014391964552571,0,0,0,0,0,0,0,0,0,0,0
152260000009,Turbigo,0.36083109432132676,controprova,45.52924972583304,8.740280014627196,8,5,1,0,0,0,1,0,1,0,0
151790000010,Pregnana Milanese,-0.06256583561082463,controprova,45.511358953197316,9.01585147671394,2,0,0,1,0,0,0,0,1,0,0
150360000036,Buccinasco,-0.0626985890616929,controprova,45.419360165147445,9.119271879065925,9,3,0,0,3,0,3,0,0,0,0
151680000025,Parabiago,0.3673042680234454,controprova,45.53925390870888,8.949256385243881,2,1,0,0,0,0,0,0,1,0,0
150100000010,Arluno,0.4041866398081424,controprova,45.50702554295991,8.938407802111023,5,2,0,0,0,0,0,2,0,0,1
150600000047,Cassina de' Pecchi,0.20186893771265813,controprova,45.51603097730379,9.366444598868146,3,3,0,0,0,0,0,0,0,0,0
151910000007,San Colombano al Lambro,0.21372151211952428,controprova,45.18380696336303,9.495628268233888,4,2,2,0,0,0,0,0,0,0,0
151640000006,Ossona,0.19742169710857216,controprova,45.50398861320888,8.89458275330942,3,2,0,0,0,0,1,0,0,0,0
151420000016,Melzo,0.11328342573165906,controprova,45.50535341501013,9.430231753981449,3,2,0,0,0,0,1,0,0,0,0
150460000013,Canegrate,0.18461676098895552,controprova,45.56623049131206,8.912541781761542,1,1,0,0,0,0,0,0,0,0,0
150580000001,Casorezzo,0.02853477707521057,controprova,45.52280364285732,8.902218018697456,7,5,0,0,0,0,1,0,0,0,1
151140000002,Inzago,0.18169041318068613,controprova,45.541885957387,9.478943848655375,2,0,0,0,0,0,1,0,1,0,0
152430000059,Vittuone,0.10594302568202085,controprova,45.48466914983774,8.94878000202205,0,0,0,0,0,0,0,0,0,0,0
150510000005,Carugate,-0.023868204682733762,controprova,45.552183983778924,9.33585631366416,4,1,0,1,0,0,2,0,0,0,0
150150000009,Basiglio,0.10129521192934055,controprova,45.36107266955171,9.164277693982875,6,6,0,0,0,0,0,0,0,0,0
152370000003,Vignate,0.27449084722675154,controprova,45.49420820423825,9.372110975191967,2,1,0,0,1,0,0,0,0,0,0
150930000078,Corsico,-0.004435696825749624,controprova,45.43493896673631,9.111833566484101,1,0,0,0,0,0,0,0,1,0,0
151220000001,Liscate,0.2992811112041027,controprova,45.48104238556082,9.40709176714379,11,9,0,0,0,0,2,0,0,0,0
152200000030,Trezzano sul Naviglio,0.03651297087793315,controprova,45.42291953161959,9.061348406678253,6,0,0,0,6,0,0,0,0,0,0
150050000002,Albairate,0.29523790284178963,controprova,45.42313407908848,8.936382887327154,2,1,0,0,0,0,0,0,1,0,0
152420000111,Vimodrone,0.09635447480137482,controprova,45.52287134591587,9.279337161102832,7,6,1,0,0,0,0,0,0,0,0
150770000248,Cinisello Balsamo,0.07088312790217799,controprova,45.550891364818085,9.236532174513455,3,2,0,0,0,0,0,0,1,0,0
151760000021,Pogliano Milanese,0.090090532081603,controprova,45.53537409445214,8.985162187804633,2,1,0,0,0,0,0,0,1,0,0
151390000010,Mediglia,0.10604691968704816,controprova,45.418311360772016,9.308776952282523,3,2,0,0,0,0,1,0,0,0,0
151700000011,Pero,0.3787037491306091,controprova,45.51236498072342,9.078142980353203,4,1,0,0,0,0,1,1,1,0,0
150590000016,Cassano d'Adda,0.04369464397544642,controprova,45.52808471261705,9.51198454793863,12,10,0,0,0,0,2,0,0,0,0
152110000141,Settimo Milanese,0.2998496422871688,controprova,45.49545466155413,9.040001737467025,2,2,0,0,0,0,0,0,0,0,0
150850000009,Corbetta,0.12265120185162204,controprova,45.46739743214633,8.912375949887368,1,0,0,0,0,0,1,0,0,0,0
151590000001,Opera,0.41717339043655677,controprova,45.377910483338944,9.211458869346465,7,4,1,0,0,0,1,1,0,0,0
152490000008,Vanzaghello,0.024266465035338358,controprova,45.5801870416691,8.787206028603284,4,3,0,0,0,0,0,0,1,0,0
150780000003,Cisliano,0.34383143774873237,controprova,45.44496292734445,8.98391112604699,4,2,0,0,0,0,1,0,1,0,0
152350000003,Vermezzo,0.18876963524546408,controprova,45.39232590093299,8.982050028378124,25,18,0,0,1,0,1,0,5,0,0
152050000047,Segrate,0.20601315413541432,controprova,45.4687596016345,9.305597645791192,4,2,0,0,0,0,0,0,2,0,0
152500000027,Baranzate,0.3610706277218064,controprova,45.526438631104426,9.11958659485754,7,5,0,0,0,0,2,0,0,0,0
151250000007,Locate di Triulzi,-0.18831942789034561,controprova,45.35897887151303,9.222693053567001,2,0,1,0,1,0,0,0,0,0,0
151510000001,Motta Visconti,0.27882265004747386,controprova,45.28713996883471,8.988674765150149,2,1,0,0,0,0,1,0,0,0,0
152130000005,Solaro,0.06502177445188695,controprova,45.6173102327459,9.079637616272544,21,15,0,0,3,0,1,0,2,0,0
151120000002,Gudo Visconti,0.021504616068362292,controprova,45.376970687484445,9.00213874472463,8,4,0,0,0,0,0,1,3,0,0
150240000036,Binasco,-0.022052945539339786,controprova,45.33197387361084,9.102883207327375,3,1,0,0,0,0,2,0,0,0,0
150620000017,Castano Primo,0.20341868995431556,controprova,45.55747363950061,8.78126193350507,0,0,0,0,0,0,0,0,0,0,0
151690000017,Paullo,0.39552592011128196,controprova,45.421643287274485,9.403792338416785,1,0,0,0,0,0,1,0,0,0,0
151720000001,Pessano con Bornago,0.411571771998834,controprova,45.55211475444178,9.382450425851365,8,7,0,1,0,0,0,0,0,0,0
152100000029,Settala,0.3181378731165605,controprova,45.43291694412222,9.387814872663569,5,4,0,0,0,0,0,0,1,0,0
150120000057,Bareggio,0.41620948494547005,controprova,45.47988856461653,9.004746095350725,0,0,0,0,0,0,0,0,0,0,0
152360000003,Vernate,0.40692828716302987,controprova,45.327437842972635,9.077831814397392,5,4,0,0,0,0,1,0,0,0,0
150760000091,Cesate,-0.026370318637141454,controprova,45.59862130893038,9.074039262296525,5,4,0,0,0,0,0,0,1,0,0
152240000002,Truccazzano,0.2677059915095511,controprova,45.484152513817605,9.471492051407422,3,3,0,0,0,0,0,0,0,0,0
150260000002,Boffalora sopra Ticino,0.2733249256147784,controprova,45.47079911642988,8.83166825284201,5,2,0,0,0,0,2,0,1,0,0
150400000003,Bussero,0.2643409801244997,controprova,45.529212857300706,9.370972012969201,12,10,0,0,0,0,0,0,2,0,0
150380000002,Buscate,0.28467101674713635,controprova,45.544801038457116,8.805426128742422,1,0,0,1,0,0,0,0,0,0,0
152290000002,Vanzago,0.2718934971010687,controprova,45.52816097091841,8.997837461384083,2,0,0,0,1,0,0,0,1,0,0
151580000015,Noviglio,0.2965235911540026,controprova,45.35609013252284,9.070783090126886,6,4,0,0,0,0,1,0,1,0,0
151940000001,San Giorgio su Legnano,0.0018628772290314455,controprova,45.57531952305883,8.905856241263887,1,1,0,0,0,0,0,0,0,0,0
151670000006,Pantigliate,0.1131044971674453,controprova,45.43452978681608,9.35415715546231,10,5,1,0,0,0,3,0,1,0,0
152210000004,Trezzo sull'Adda,0.04004248110427777,controprova,45.60644099410195,9.514481983106407,21,9,1,1,6,0,2,1,0,0,1
150500000002,Carpiano,0.364532318250425,controprova,45.34164161776619,9.274639742428318,16,12,0,0,0,0,0,1,3,0,0
150700000061,Cernusco sul Naviglio,0.15624503978274606,controprova,45.516630459282894,9.318394118973593,1,1,0,0,0,0,0,0,0,0,0
150410000022,Busto Garolfo,0.42258165058714536,controprova,45.553315055699535,8.85561886776796,0,0,0,0,0,0,0,0,0,0,0
151810000025,Rescaldina,-0.015721183121841675,controprova,45.62913672044187,8.934104811717834,2,2,0,0,0,0,0,0,0,0,0
151080000024,Gorgonzola,0.40230211799473026,controprova,45.52927021604586,9.39917841644662,1,0,0,0,0,0,1,0,0,0,0
151050000004,Garbagnate Milanese,0.09629098402052483,controprova,45.578821547157695,9.068310099143853,16,9,1,0,0,0,4,0,1,1,0
151360000001,Masate,0.2927617623886387,controprova,45.56842202016881,9.466508246190216,10,7,0,0,0,0,1,0,2,0,0
151850000013,Rodano,0.4176264837362592,controprova,45.46943485041901,9.33759237319432,3,2,0,0,0,0,0,0,1,0,0
150960000003,Cuggiono,0.18399628290337566,controprova,45.51000312256432,8.814153828836396,1,0,0,1,0,0,0,0,0,0,0
152440000005,Vizzolo Predabissi,0.20658168521848053,controprova,45.35934409826042,9.345862475723845,14,11,0,0,0,0,1,0,2,0,0
151340000003,Marcallo con Casone,0.10075265434753122,controprova,45.486279228324975,8.867137019585211,2,2,0,0,0,0,0,0,0,0,0
151150000039,Lacchiarella,0.39262843174885353,controprova,45.32290263730623,9.134624926624134,1,1,0,0,0,0,0,0,0,0,0
151060000004,Gessate,0.028318331231403704,controprova,45.551041566999935,9.43414375905962,8,4,0,0,3,0,1,0,0,0,0
151130000015,Inveruno,0.15069536834753705,controprova,45.50857059772986,8.851262875145236,2,2,0,0,0,0,0,0,0,0,0
150350000001,Bubbiano,0.11507559731838024,controprova,45.32732506766565,9.013369845946794,30,28,0,0,0,0,0,0,2,0,0
150970000016,Cusago,0.11227045918264278,controprova,45.45056427891649,9.032792747007191,3,2,0,0,0,0,0,0,1,0,0
150710000001,Cerro al Lambro,0.29569676803066036,controprova,45.33157353756121,9.34035462492834,17,16,0,0,0,0,1,0,0,0,0
152040000012,Sedriano,0.022751344128690065,controprova,45.48804988114231,8.972307933591798,3,3,0,0,0,0,0,0,0,0,0
151770000001,Pozzo d'Adda,0.3049895095914369,controprova,45.57705956643943,9.50103828954268,2,2,0,0,0,0,0,0,0,0,0
151100000003,Grezzago,0.14295670794529403,controprova,45.59109796596873,9.499373087084727,15,11,0,0,0,0,0,0,4,0,0
152020000002,San Zenone al Lambro,0.13263945605716476,controprova,45.327039536867886,9.353390054583725,37,30,0,0,0,0,0,0,7,0,0
150550000020,Casarile,0.05310859520875477,controprova,45.319816760273845,9.09777954942709,0,0,0,0,0,0,0,0,0,0,0
152220000002,Tribiano,0.29365929115429135,controprova,45.415345241061296,9.379476748607674,6,5,0,0,0,0,0,0,1,0,0
150420000001,Calvignasco,0.10494593182821699,controprova,45.33179508742974,9.020866688223563,17,14,0,0,0,0,0,0,3,0,0
152480000008,Villa Cortese,0.27150100863763216,controprova,45.56996998706858,8.89012971192578,2,0,0,0,0,0,0,0,2,0,0
151780000012,Pozzuolo Martesana,0.42077793522208784,controprova,45.517657426317314,9.478580747436245,3,3,0,0,0,0,0,0,0,0,0
150440000005,Cambiago,0.20190645499225124,controprova,45.57356487048343,9.4204923352279,3,1,1,0,0,0,0,0,1,0,0
151440000001,Mesero,0.4061577399590772,controprova,45.502660227254744,8.854410378970586,0,0,0,0,0,0,0,0,0,0,0
152000000002,Santo Stefano Ticino,0.4276868865564043,controprova,45.485315942289844,8.921634385562044,11,11,0,0,0,0,0,0,0,0,0
151010000001,Dresano,0.19582288380898516,controprova,45.37386953773606,9.361218731657653,2,2,0,0,0,0,0,0,0,0,0
152460000001,Zelo Surrigone,0.20719350547030801,controprova,45.38689114885623,8.984684874926334,33,29,1,0,0,0,1,0,2,0,0
151460002632,Milano,-0.08019174215816716,controprova,45.44895570806648,9.196611504498652,0,0,0,0,0,0,0,0,0,0,0
151820000061,Rho,-0.06817466891000756,controprova,45.53258856851026,9.03571544232787,1,0,0,0,0,0,1,0,0,0,0
151460003311,Milano,-0.008382226044495455,controprova,45.43778261018959,9.153102784087025,9,0,0,2,2,0,5,0,0,0,0
151460003341,Milano,0.10122306331473818,controprova,45.437771703601236,9.15568586740179,2,0,0,0,1,0,1,0,0,0,0
151460003836,Milano,-0.12665112104517373,controprova,45.46364787871711,9.152952221685712,1,0,0,0,0,0,0,0,1,0,0
151820000049,Rho,-0.010825178134929447,controprova,45.53514242043407,9.03870825780866,0,0,0,0,0,0,0,0,0,0,0
151460000803,Milano,0.0819478394375871,controprova,45.499077555671704,9.213355936804973,0,0,0,0,0,0,0,0,0,0,0
151820000053,Rho,-0.0002251036775591242,controprova,45.53714598890674,9.038013105227483,0,0,0,0,0,0,0,0,0,0,0
150320000042,Bresso,0.2000652223476005,controprova,45.53659719598607,9.185982587752966,1,1,0,0,0,0,0,0,0,0,0
151460002677,Milano,-0.012839567454625778,controprova,45.45155874291592,9.181569180143663,3,1,0,0,0,0,2,0,0,0,0
152200000015,Trezzano sul Naviglio,0.03389541914016159,controprova,45.42425347668149,9.070272308166109,1,1,0,0,0,0,0,0,0,0,0
151460002882,Milano,-0.06404199626558771,controprova,45.439530679990725,9.197883805414852,0,0,0,0,0,0,0,0,0,0,0
151460004715,Milano,-0.015002582920402796,controprova,45.483199603167044,9.145610979885179,2,0,0,0,2,0,0,0,0,0,0
151460001213,Milano,-0.03486509652041658,controprova,45.51708119316632,9.225267875050534,2,0,0,0,1,0,1,0,0,0,0
150400000009,Bussero,0.2893996369481714,controprova,45.533878492023874,9.37145892649429,16,13,0,0,0,0,1,0,2,0,0
151460003080,Milano,-0.02182206997261238,controprova,45.414200386839944,9.170167293390739,1,0,0,0,0,0,1,0,0,0,0
151140000010,Inzago,0.29142557004620406,controprova,45.537089406393186,9.47676885919115,10,6,0,0,1,0,1,0,2,0,0
151460002766,Milano,0.014269552996043378,controprova,45.43715706012114,9.213818127900721,1,1,0,0,0,0,0,0,0,0,0
151460001527,Milano,-0.060016103570779245,controprova,45.47020199068293,9.213784588589608,1,0,0,0,0,0,1,0,0,0,0
151460006019,Milano,-0.2931152906001899,controprova,45.51364432411054,9.209099118894702,0,0,0,0,0,0,0,0,0,0,0
151950000031,San Giuliano Milanese,0.27139422868802077,controprova,45.39592501334147,9.288682813553768,1,1,0,0,0,0,0,0,0,0,0
151460002001,Milano,-0.03408877742729588,controprova,45.46466378048669,9.212394387856296,0,0,0,0,0,0,0,0,0,0,0
151460005659,Milano,-0.004236566649447271,controprova,45.527395292633734,9.16326408088256,1,1,0,0,0,0,0,0,0,0,0
151910000006,San Colombano al Lambro,0.2906377071747469,controprova,45.186138083953075,9.487331448900308,2,0,0,0,0,0,0,0,2,0,0
151310000007,Magnago,0.06892790044645569,controprova,45.5754497380477,8.814664018591227,2,2,0,0,0,0,0,0,0,0,0
151460005385,Milano,-0.019369017076134143,controprova,45.492086643005166,9.185056642325435,4,0,1,0,0,0,2,0,1,0,0
